Project Ref;Calculation Design Stage;UK District;GIFA (m2);Project Value (œm);Value Type;Project Sector;Construction Type;Storeys (#);Passivhaus;Basement Type;Foundation Type;Ground Floor Type;Superstructure Type;Cladding Type;Carbon A1-A3 (kgCO2e);Carbon A1-A5 (kgCO2e);Carbon A1-C4 (kgCO2e);Carbon A1-D (kgCO2e);A1-A3 Rate (kgCO2e/m2);A1-A5 Rate (kgCO2e/m2);A1-C4 Rate (kgCO2e/m2);A1-D Rate (kgCO2e/m2);Construction Carbon (A1-A5) (kgCO2e);Construction % Carbon (A1-A5);Concrete Total Mass (kg);Concrete Total Carbon (A1-A5) (kgCO2e);Concrete % Carbon (A1-A5);Masonry & Blockwork Total Area (m2);Masonry & Blockwork Total Carbon (A1-A5) (kgCO2e);Masonry % Blockwork % Carbon (A1-A5);Reinforcement Total Mass (kg);Reinforcement Total Carbon (A1-A5) (kgCO2e);Reinforcement % Carbon (A1-A5);Steel (Other) Total Mass (kg);Steel (Other) Total Carbon (A1-A5) (kgCO2e);Steel (Other) % Carbon (A1-A5);Steel (Sections) Total Mass (kg);Steel (Sections) Total Carbon (A1-A5) (kgCO2e);Steel (Sections) % Carbon (A1-A5);Timber (Plain) Total Mass (kg);Timber (Plain) Total Carbon (A1-A5) (kgCO2e);Timber (Plain) % Carbon (A1-A5);Timber (Products) Total Mass (kg);Timber (Products) Total Carbon (A1-A5) (kgCO2e);Timber (Products) % Carbon (A1-A5)
1;Stage 4;OX4;5642;15;Whole Building;Residential (Multi);New Build (Greenfield);2;No;None;Mass Pads/Strips;Suspended Precast;Masonry/Timber;Masonry Only;776263;1136232;1269140;1220792;137,6;201,4;224,9;216,4;105000;9,20%;2639542;212753;18,70%;21635;654510;57,60%;7617;16219;1,40%;6150;19091;1,70%;2450;3915;0,30%;45863;17598;1,50%;109390;107145;9,40%
2;Stage 3;BR3;31592;77;Whole Building;Residential (Multi);New Build (Brownfield);7;No;None;Piles (Pile Caps);Suspended RC;Concrete (In-Situ);Masonry Only;8429603;9825522;10342388;8873639;266,8;311;327,4;280,9;539000;5,50%;35718253;4858091;49,40%;12066;487292;5,00%;1836606;3910746;39,80%;5845;18144;0,20%;0;0;0,00%;34585;12250;0,10%;0;0;0,00%
3;As-Built;TW3;9862;24;Whole Building;Educational;New Build (Brownfield);3;No;None;Piles (Pile Caps);Suspended RC;Concrete (In-Situ);Masonry Only;3119642;3637755;3812153;3365251;316,3;368,9;386,5;341,2;168000;4,60%;13014984;1928667;53,00%;7160;298775;8,20%;541234;1152467;31,70%;0;0;0,00%;55614;88878;2,40%;1947;968;0,00%;0;0;0,00%
4;Stage 3;BR1;17240;40;Whole Building;Residential (Multi);New Build (Brownfield);8;No;None;Piles (Pile Caps);Suspended RC;Concrete (In-Situ);Masonry/SFS;5077415;5844220;6136749;5214343;294,5;339;356;302,5;280000;4,80%;20845880;2804041;48,00%;6170;211739;3,60%;1124431;2394288;41,00%;0;0;0,00%;93630;149631;2,60%;0;0;0,00%;6078;4521;0,10%
5;Stage 3;N15;2290;2;Whole Building;Residential (Multi);New Build (Greenfield);3;No;None;Mass Pads/Strips;Suspended Precast;Masonry/Timber;Masonry Only;252796;328798;358757;343081;110,4;143,6;156,7;149,8;14000;4,30%;999470;160833;48,90%;4165;93293;28,40%;0;0;0,00%;0;0;0,00%;30082;48074;14,60%;25341;12597;3,80%;0;0;0,00%
6;Stage 3;BS16;1330;2,5;Whole Building;Residential (Multi);New Build (Brownfield);3;No;None;Mass Pads/Strips;Suspended Precast;Masonry/Timber;Masonry Only;276743;395560;435199;421671;208,1;297,4;327,2;317;17500;4,40%;676453;93760;23,70%;4112;246468;62,30%;4662;9927;2,50%;0;0;0,00%;0;0;0,00%;29509;11959;3,00%;16280;15946;4,00%
7;As-Built;IP31;1050;4,2;Whole Building;Cultural/Public;New Build (Greenfield);1;No;None;Mass Pads/Strips;Ground Bearing RC;Masonry/Timber;Masonry Only;296431;392868;438216;419961;282,3;374,2;417,3;400;29400;7,50%;1734000;152248;38,80%;3789;151058;38,40%;5000;10647;2,70%;0;0;0,00%;25000;39953;10,20%;27000;9563;2,40%;0;0;0,00%
8;Stage 5;SK17;876;1,5;Whole Building;Commercial;Mixed New Build/Refurb;3;No;Partial Footprint;Mass Pads/Strips;Suspended RC;Steel Frame/Precast;Masonry Only;239946;295119;316945;285115;273,9;336,9;361,8;325,5;10500;3,60%;814220;97798;33,10%;3669;82180;27,80%;23639;50336;17,10%;0;0;0,00%;29421;47018;15,90%;14660;7287;2,50%;0;0;0,00%
9;As-Built;W7;1400;4,5;Whole Building;Residential (Multi);New Build (Brownfield);3;No;None;Piled Ground Beams;Suspended RC;Masonry/Concrete;Masonry Only;289488;378672;405200;385486;206,8;270,5;289,4;275,3;31500;8,30%;1175125;156266;41,30%;3395;137769;36,40%;24955;53138;14,00%;0;0;0,00%;0;0;0,00%;0;0;0,00%;0;0;0,00%
10;As-Built;SN8;1534;9;Whole Building;Residential (Single);New Build (Greenfield);2;No;Partial Footprint;Raft;Suspended RC;Masonry/Concrete;Masonry/Stone;458585;603764;643842;580761;298,9;393,6;419,7;378,6;63000;10,40%;1849680;221934;36,80%;3056;141256;23,40%;70058;149177;24,70%;0;0;0,00%;12948;20692;3,40%;15500;7705;1,30%;0;0;0,00%
11;Stage 2;W6;1700;3;Whole Building;Residential (Multi);New Build (Brownfield);4;No;Full Footprint;Raft;Suspended RC;Masonry/Concrete;Masonry Only;510817;607903;639998;575344;300,5;357,6;376,5;338,4;21000;3,50%;1645549;295658;48,60%;2643;119513;19,70%;76745;163416;26,90%;0;0;0,00%;5204;8316;1,40%;0;0;0,00%;0;0;0,00%
12;As-Built;OX12;1975;12,3;Whole Building;Residential (Single);Mixed New Build/Refurb;3;No;Partial Footprint;Piles (Pile Caps);Suspended RC;Concrete (In-Situ);Masonry Only;838146;1028051;1107449;962694;424,4;520,5;560,7;487,4;86100;8,40%;4394975;467267;45,50%;2490;78249;7,60%;174037;370583;36,00%;0;0;0,00%;11147;17814;1,70%;16170;8038;0,80%;0;0;0,00%
13;Stage 4;CB2;300;3;Whole Building;Educational;New Build (Brownfield);3;No;None;Piled Ground Beams;Suspended RC;Masonry/Timber;Masonry Only;171056;230019;244964;221828;570,2;766,7;816,5;739,4;21000;9,10%;356375;47759;20,80%;2470;97137;42,20%;25085;53414;23,20%;0;0;0,00%;1727;2760;1,20%;9320;4633;2,00%;3385;3316;1,40%
14;As-Built;SL6;648;6;Whole Building;Residential (Single);New Build (Brownfield);2;No;None;Piled Ground Beams;Suspended Precast;Masonry/Timber;Masonry/Stone;193785;280516;299575;269423;299,1;432,9;462,3;415,8;42000;15,00%;542248;62808;22,40%;2284;94921;33,80%;18447;39280;14,00%;7920;24585;8,80%;6250;9988;3,60%;13950;6935;2,50%;0;0;0,00%
15;Stage 5;E14;14029;55;Whole Building;Residential (Multi);New Build (Brownfield);24;No;None;Piles (Pile Caps);Suspended RC;Concrete (In-Situ);Masonry/SFS;4505097;5296060;5527011;4604344;321,1;377,5;394;328,2;385000;7,30%;16976246;2316267;43,70%;2225;107875;2,00%;1167933;2486918;47,00%;0;0;0,00%;0;0;0,00%;0;0;0,00%;0;0;0,00%
16;As-Built;W1;7922;40;Whole Building;Commercial;New Build (Brownfield);7;No;Full Footprint;Raft;Suspended RC;Concrete (In-Situ);Masonry/Stone;2057079;2530339;2638266;2273561;259,7;319,4;333;287;280000;11,10%;7707360;1142140;45,10%;2160;109021;4,30%;450204;958634;37,90%;0;0;0,00%;24180;38642;1,50%;3825;1901;0,10%;0;0;0,00%
17;Stage 4;IG7;3400;20;Whole Building;Educational;New Build (Brownfield);1;No;None;Reinforced Pads/Strips;Suspended RC;Other;Masonry Only;828212;1075496;1147248;1015166;243,6;316,3;337,4;298,6;140000;13,00%;3546166;374071;34,80%;2110;118248;11,00%;103039;219404;20,40%;0;0;0,00%;123396;197201;18,30%;10689;5313;0,50%;29898;21258;2,00%
18;Stage 5;NW3;1024;2,5;Whole Building;Residential (Single);New Build (Brownfield);4;No;Full Footprint;Raft;Suspended RC;Masonry/Concrete;Masonry Only;486044;581974;615048;556359;474,7;568,3;600,6;543,3;17500;3,00%;1363512;195611;33,60%;1940;210008;36,10%;72100;153525;26,40%;0;0;0,00%;1638;2618;0,40%;5456;2712;0,50%;0;0;0,00%
19;As-Built;OX1;2400;7,3;Whole Building;Educational;New Build (Greenfield);3;No;None;Piled Ground Beams;Suspended RC;Masonry/Concrete;Masonry/SFS;387459;500672;532196;486714;161,4;208,6;221,7;202,8;51100;10,20%;1566650;213137;42,60%;1940;103961;20,80%;51331;109301;21,80%;0;0;0,00%;14500;23173;4,60%;0;0;0,00%;0;0;0,00%
20;Stage 2;W8;3381;55;Whole Building;Residential (Single);Full Refurb;5;No;Full Footprint;Piles (Pile Caps);Suspended RC;Masonry/Timber;Masonry/Stone;4090908;4852199;5034011;4155826;1210;1435,1;1488,9;1229,2;385000;7,90%;14626032;1922790;39,60%;1883;154047;3,20%;1096255;2334291;48,10%;0;0;0,00%;33111;52916;1,10%;1830;910;0,00%;2292;2245;0,00%
21;Stage 3;SE5;2450;6,5;Whole Building;Residential (Multi);New Build (Brownfield);4;No;None;Piles (Pile Caps);Suspended RC;Concrete (In-Situ);Masonry/SFS;671614;795920;846698;737678;274,1;324,9;345,6;301,1;45500;5,70%;2878644;385572;48,40%;1855;69702;8,80%;124660;265443;33,40%;312;969;0,10%;7020;11219;1,40%;28380;10052;1,30%;7620;7464;0,90%
22;As-Built;CB3;398;0,7;Whole Building;Residential (Multi);New Build (Greenfield);3;No;None;Piled Ground Beams;Other;Other;Masonry Only;95701;123003;131393;124375;240,5;309,1;330,1;312,5;4900;4,00%;174065;38421;31,20%;1854;59311;48,20%;5843;12442;10,10%;0;0;0,00%;4377;6995;5,70%;1063;376;0,30%;569;557;0,50%
23;Stage 2;TW13;678;1,4;Whole Building;Residential (Multi);New Build (Brownfield);2;No;None;Mass Pads/Strips;Other;Masonry/Timber;Masonry Only;99986;137562;154239;147040;147,5;202,9;227,5;216,9;9800;7,10%;542917;49469;36,00%;1822;53905;39,20%;1468;3126;2,30%;0;0;0,00%;8826;14105;10,30%;10686;3785;2,80%;3443;3373;2,50%
24;As-Built;SW19;950;3,1;Whole Building;Residential (Multi);New Build (Brownfield);3;No;None;Piled Ground Beams;Suspended RC;Masonry/Timber;Masonry Only;155108;207943;230465;201559;163,3;218,9;242,6;212,2;21700;10,40%;508856;54101;26,00%;1804;56692;27,30%;24334;51815;24,90%;2363;7335;3,50%;4000;6392;3,10%;13171;4665;2,20%;11027;5243;2,50%
25;Stage 5;OX1;904;7;Whole Building;Educational;New Build (Greenfield);1;No;None;Piled Ground Beams;Suspended Precast;Steel Frame/Other;Masonry/Stone;371085;467411;491625;444158;410,5;517;543,8;491,3;49000;10,50%;1440456;185092;39,60%;1787;74444;15,90%;11937;25418;5,40%;10816;33575;7,20%;54047;86373;18,50%;19275;9582;2,00%;5768;3927;0,80%
26;As-Built;NW8;1154;5;Whole Building;Residential (Single);New Build (Brownfield);4;No;Full Footprint;Piles (Pile Caps);Suspended RC;Concrete (In-Situ);Masonry Only;581603;681169;714103;615938;504;590,3;618,8;533,7;35000;5,10%;2489513;333343;48,90%;1541;48427;7,10%;124030;264101;38,80%;0;0;0,00%;0;0;0,00%;840;298;0,00%;0;0;0,00%
27;Stage 4;TN31;1200;7;Whole Building;Cultural/Public;Mixed New Build/Refurb;2;No;None;Piles (Pile Caps);Ground Bearing RC;Masonry/Timber;Masonry Only;147630;220592;234619;206168;123;183,8;195,5;171,8;49000;22,20%;357001;46041;20,90%;1468;32885;14,90%;15783;33608;15,20%;3775;14755;6,70%;17824;28484;12,90%;7202;2551;1,20%;20764;13268;6,00%
28;As-Built;NW2;544;2;Whole Building;Residential (Multi);New Build (Brownfield);3;No;None;Piled Ground Beams;Suspended Precast;Masonry/Timber;Masonry Only;86529;121210;131072;110780;159,1;222,8;240,9;203,6;14000;11,60%;174600;17431;14,40%;1394;40307;33,30%;6746;14364;11,90%;9785;30375;25,10%;0;0;0,00%;9520;4732;3,90%;0;0;0,00%
29;Stage 5;OX3;662;4;Whole Building;Residential (Single);New Build (Brownfield);2;No;Full Footprint;Piles (Pile Caps);Suspended RC;Masonry/Timber;Other;296741;361597;383900;329985;448,2;546,2;579,9;498,5;28000;7,70%;1159200;155225;42,90%;1343;30082;8,30%;58860;125333;34,70%;0;0;0,00%;6594;10538;2,90%;14060;4980;1,40%;10000;7438;2,10%
30;As-Built;KT4;517;5,3;Whole Building;Residential (Multi);New Build (Greenfield);3;No;None;Mass Pads/Strips;Suspended Precast;Masonry/Concrete;Masonry Only;86160;140782;152469;146368;166,7;272,3;294,9;283,1;37100;26,40%;476316;44949;31,90%;1209;38017;27,00%;3835;8166;5,80%;0;0;0,00%;6708;10720;7,60%;3680;1829;1,30%;0;0;0,00%
31;Stage 2;TW13;421;0,8;Whole Building;Residential (Multi);New Build (Brownfield);2;No;None;Mass Pads/Strips;Other;Masonry/Timber;Masonry Only;74133;100496;113779;110488;176,1;238,7;270,3;262,4;5600;5,60%;570248;49265;49,00%;1189;35178;35,00%;932;1985;2,00%;96;298;0,30%;2256;3605;3,60%;6052;2927;2,90%;1673;1639;1,60%
32;Stage 4;CB22;579;1,8;Whole Building;Residential (Single);New Build (Brownfield);1;No;None;Mass Pads/Strips;Ground Bearing RC;Masonry/Timber;Masonry Only;120473;153851;166059;157976;208,1;265,7;286,8;272,8;12600;8,20%;566742;70892;46,10%;1180;40818;26,50%;3567;7595;4,90%;0;0;0,00%;12034;19232;12,50%;5460;2714;1,80%;0;0;0,00%
33;Stage 4;W6;325;2;Whole Building;Residential (Multi);New Build (Greenfield);4;No;Partial Footprint;Reinforced Pads/Strips;Timber;Steel Frame/Timber;Masonry Only;95977;127919;135837;121225;295,3;393,6;418;373;14000;10,90%;247690;33152;25,90%;1038;35367;27,60%;13626;29014;22,70%;0;0;0,00%;6780;10835;8,50%;3062;1522;1,20%;4113;4029;3,10%
34;As-Built;SW3;867;6;Whole Building;Residential (Single);New Build (Greenfield);4;No;Full Footprint;Raft;Suspended RC;Steel Frame/Other;Masonry Only;259893;333515;352655;308943;299,8;384,7;406,8;356,3;42000;12,60%;1080888;127221;38,10%;970;38181;11,40%;48853;104024;31,20%;0;0;0,00%;12628;20181;6,10%;3838;1908;0,60%;0;0;0,00%
35;Stage 5;CB3;590;4;Whole Building;Residential (Single);New Build (Brownfield);1;No;Full Footprint;Piles (Pile Caps);Suspended RC;Steel Frame/Timber;Masonry Only;305147;376248;400090;355703;517,2;637,7;678,1;602,9;28000;7,40%;1261571;160102;42,60%;968;47567;12,60%;44510;94777;25,20%;0;0;0,00%;10490;16764;4,50%;0;0;0,00%;34157;29039;7,70%
36;Stage 3;CM6;209;0,4;Whole Building;Residential (Single);New Build (Greenfield);2;No;None;Piled Ground Beams;Other;Masonry/Timber;Masonry Only;77866;96143;103214;94734;372,6;460;493,8;453,3;2800;2,90%;222597;28988;30,20%;835;40152;41,80%;7554;16086;16,70%;0;0;0,00%;924;1477;1,50%;6741;3228;3,40%;3484;3413;3,50%
37;Stage 3;SE17;1400;3;Whole Building;Mixed Use;New Build (Greenfield);4;No;None;Piles (Pile Caps);Ground Bearing RC;Concrete (In-Situ);Masonry Only;456914;524227;549537;461006;326,4;374,4;392,5;329,3;21000;4,00%;1676032;224502;42,80%;805;39557;7,50%;111720;237889;45,40%;0;0;0,00%;800;1278;0,20%;0;0;0,00%;0;0;0,00%
38;Stage 5;W3;360;0,9;Whole Building;Residential (Single);New Build (Brownfield);3;No;None;Piled Ground Beams;Suspended Precast;Masonry/Concrete;Masonry Only;88371;110736;117274;109662;245,5;307,6;325,8;304,6;6300;5,70%;249060;52549;47,50%;804;30614;27,60%;7102;15123;13,70%;0;0;0,00%;2369;3786;3,40%;1706;848;0,80%;1548;1516;1,40%
39;Stage 2;TW13;305;0,6;Whole Building;Residential (Single);New Build (Brownfield);3;No;None;Reinforced Pads/Strips;Other;Masonry/Concrete;Masonry Only;66250;84259;89386;80889;217,2;276,3;293,1;265,2;4200;5,00%;146206;36340;43,10%;745;22042;26,20%;6033;12847;15,20%;1541;4784;5,70%;1778;2842;3,40%;1264;448;0,50%;772;756;0,90%
40;As-Built;SL6;1100;2,4;Whole Building;Healthcare;New Build (Greenfield);2;No;None;Piles (Pile Caps);Suspended RC;Steel Frame/Timber;Masonry/SFS;228628;272513;290708;258486;207,8;247,7;264,3;235;16800;6,20%;842113;121690;44,70%;717;21212;7,80%;18115;38573;14,20%;0;0;0,00%;40425;64604;23,70%;19380;9634;3,50%;0;0;0,00%
41;Stage 2;TW13;227;0,7;Whole Building;Residential (Single);New Build (Brownfield);2;No;None;Reinforced Pads/Strips;Other;Masonry/Concrete;Masonry Only;46294;62118;67498;64299;203,9;273,6;297,3;283,3;4900;7,90%;183040;29994;48,30%;596;17637;28,40%;719;1531;2,50%;216;671;1,10%;3862;6171;9,90%;1273;451;0,70%;778;762;1,20%
42;Stage 2;TW13;222;0,6;Whole Building;Residential (Single);New Build (Brownfield);2;No;None;Mass Pads/Strips;Other;Concrete (Precast);Masonry Only;45070;60398;66705;63907;203;272,1;300,5;287,9;4200;7,00%;253137;30396;50,30%;593;17552;29,10%;698;1486;2,50%;305;947;1,60%;2450;3915;6,50%;1978;725;1,20%;1202;1177;1,90%
43;Stage 4;OX3;353;1,4;Whole Building;Cultural/Public;Mixed New Build/Refurb;1;No;None;Reinforced Pads/Strips;Suspended Precast;Steel Frame/Timber;Masonry Only;63193;83633;90989;84469;179;236,9;257,8;239,3;9800;11,70%;324373;30632;36,60%;591;18510;22,10%;2759;5874;7,00%;0;0;0,00%;11237;17959;21,50%;2420;857;1,00%;0;0;0,00%
44;Stage 5;SE16;7284;8,5;Whole Building;Residential (Multi);New Build (Brownfield);6;No;None;Mass Pads/Strips;Ground Bearing RC;Concrete (In-Situ);Masonry/SFS;1973563;2219310;2369117;1912370;270,9;304,7;325,2;262,5;59500;2,70%;8360159;909158;41,00%;539;27994;1,30%;535090;1139385;51,30%;24727;76758;3,50%;4077;6516;0,30%;0;0;0,00%;0;0;0,00%
45;Stage 4;PE29;5163;15;Whole Building;Healthcare;New Build (Brownfield);2;No;None;Reinforced Pads/Strips;Ground Bearing RC;Concrete (In-Situ);Lightweight Only;2743981;3080920;3200620;2573441;531,5;596,7;619,9;498,4;105000;3,40%;9241175;1230541;39,90%;534;16796;0,50%;767922;1635161;53,10%;978;3036;0,10%;56557;90385;2,90%;0;0;0,00%;0;0;0,00%
46;Stage 2;TW13;187;0,6;Whole Building;Residential (Single);New Build (Brownfield);2;No;None;Reinforced Pads/Strips;Other;Masonry/Concrete;Masonry Only;38228;51863;56948;55598;204,4;277,3;304,5;297,3;4200;8,10%;215430;30373;58,60%;492;14562;28,10%;484;1031;2,00%;0;0;0,00%;853;1364;2,60%;945;335;0,60%;0;0;0,00%
47;Stage 4;MK17;431;0,5;Whole Building;Residential (Single);New Build (Greenfield);2;No;None;Mass Pads/Strips;Suspended Precast;Steel Frame/Timber;Other;108264;128924;139233;130638;251,2;299,1;323;303,1;3500;2,70%;515885;70006;54,30%;467;19937;15,50%;391;833;0,60%;417;1294;1,00%;15700;25090;19,50%;4836;2074;1,60%;6319;6189;4,80%
48;As-Built;WD6;1900;6,3;Whole Building;Educational;New Build (Brownfield);4;No;Full Footprint;Piles (Pile Caps);Suspended RC;Concrete (In-Situ);Masonry/SFS;711121;822034;862493;740578;374,3;432,6;453,9;389,8;44100;5,40%;3150000;420089;51,10%;460;21256;2,60%;147000;313012;38,10%;1000;3104;0,40%;12500;19976;2,40%;1000;497;0,10%;0;0;0,00%
49;Stage 3;IP13;291;0,6;Whole Building;Residential (Single);New Build (Greenfield);1;No;None;Piled Ground Beams;Suspended Precast;Other;Masonry Only;176324;205306;215997;187989;605,9;705,5;742,3;646;4200;2,00%;446924;73127;35,60%;456;49363;24,00%;31491;67055;32,70%;0;0;0,00%;5949;9507;4,60%;2185;774;0,40%;0;0;0,00%
50;Stage 3;NW6;4117;7;Structure Only;Residential (Multi);New Build (Brownfield);11;No;None;Piles (Pile Caps);Suspended RC;Concrete (In-Situ);Masonry/SFS;1281970;1496774;1567063;1319568;311,4;363,6;380,6;320,5;98000;6,50%;5332925;714118;47,70%;421;17568;1,20%;313285;667088;44,60%;0;0;0,00%;0;0;0,00%;0;0;0,00%;0;0;0,00%
51;Stage 4;SW10;230;1,75;Whole Building;Residential (Single);New Build (Brownfield);5;No;Full Footprint;Raft;Suspended RC;Steel Frame/Composite;Masonry Only;47918;67297;71234;65893;208,3;292,6;309,7;286,5;12250;18,20%;177602;23808;35,40%;419;14696;21,80%;4880;10392;15,40%;0;0;0,00%;3568;5702;8,50%;1265;448;0,70%;0;0;0,00%
52;Stage 2;TW13;128;0,3;Whole Building;Residential (Single);New Build (Brownfield);2;No;None;Mass Pads/Strips;Other;Masonry/Timber;Masonry Only;21909;30694;34040;32481;171,2;239,8;265,9;253,8;2100;6,80%;93235;7533;24,50%;399;15887;51,80%;126;268;0,90%;279;866;2,80%;2010;3212;10,50%;1651;585;1,90%;247;242;0,80%
53;As-Built;KT24;3499;6;Whole Building;Cultural/Public;New Build (Greenfield);6;No;Partial Footprint;Piled Ground Beams;Suspended Precast;Steel Frame/Precast;Masonry Only;788399;885170;930851;782854;225,3;253;266;223,7;42000;4,70%;2190245;268146;30,30%;394;8815;1,00%;78094;166287;18,80%;0;0;0,00%;245231;391907;44,30%;6783;3372;0,40%;6818;4642;0,50%
54;As-Built;SM6;220;0,8;Whole Building;Educational;New Build (Brownfield);1;No;None;Piled Ground Beams;Suspended RC;Masonry/Timber;Masonry Only;61075;76080;81422;72058;277,6;345,8;370,1;327,5;5600;7,40%;254987;31781;41,80%;378;13647;17,90%;10844;23090;30,40%;0;0;0,00%;0;0;0,00%;3082;1532;2,00%;630;429;0,60%
55;Stage 4;OX7;1153;2,4;Whole Building;Residential (Multi);Mixed New Build/Refurb;2;No;None;Mass Pads/Strips;Ground Bearing RC;Masonry/Timber;Masonry/Stone;173476;211778;227420;200096;150,5;183,7;197,2;173,5;16800;7,90%;831776;104716;49,40%;361;14967;7,10%;30157;64215;30,30%;217;674;0,30%;3531;5643;2,70%;9361;4688;2,20%;0;0;0,00%
56;As-Built;LN1;1163;1,8;Whole Building;Industrial;New Build (Brownfield);1;No;None;Mass Pads/Strips;Ground Bearing RC;Concrete (Precast);Lightweight/SFS;228366;263647;280439;230414;196,4;226,7;241,1;198,1;12600;4,80%;839829;74126;28,10%;359;10621;4,00%;3591;7646;2,90%;20368;63226;24,00%;59713;95427;36,20%;0;0;0,00%;0;0;0,00%
57;Stage 5;CT2;8118;26;Whole Building;Educational;New Build (Brownfield);4;No;Partial Footprint;Piles (Pile Caps);Suspended RC;Concrete (In-Situ);Lightweight Only;2911820;3358306;3519727;3003969;358,7;413,7;433,6;370;182000;5,40%;12859276;1721952;51,30%;354;14772;0,40%;607874;1294366;38,50%;0;0;0,00%;70049;111946;3,30%;0;0;0,00%;54517;33269;1,00%
58;As-Built;OX12;456;0,5;Whole Building;Residential (Single);Mixed New Build/Refurb;2;No;None;Raft;Raft;Masonry/Timber;Masonry Only;28265;37446;41234;38425;62;82,1;90,4;84,3;3500;9,30%;84380;9960;26,60%;340;15205;40,60%;2020;4302;11,50%;0;0;0,00%;2061;3293;8,80%;2384;1185;3,20%;0;0;0,00%
59;Stage 5;RH10;1250;4,3;Whole Building;Educational;New Build (Brownfield);3;No;Partial Footprint;Reinforced Pads/Strips;Suspended Precast;Timber Frame (Glulam/CLT);Lightweight/SFS;195811;270210;292662;246906;156,6;216,2;234,1;197,5;30100;11,10%;907665;91420;33,80%;312;19856;7,30%;16560;35262;13,00%;0;0;0,00%;0;0;0,00%;0;0;0,00%;151972;93573;34,60%
60;Stage 4;N16;476;1;Whole Building;Residential (Single);New Build (Brownfield);4;No;Full Footprint;Raft;Other;Steel Frame/Timber;Masonry Only;139873;161775;170966;142464;293,9;339,9;359,2;299,3;7000;4,30%;480866;64431;39,80%;303;6787;4,20%;26538;56508;34,90%;1376;4271;2,60%;11760;18794;11,60%;8013;3983;2,50%;0;0;0,00%
61;As-Built;N5;7970;23;Whole Building;Educational;Mixed New Build/Refurb;5;No;Full Footprint;Piles (Pile Caps);Suspended RC;Steel Frame/Composite;Lightweight/SFS;576783;780930;828246;716710;72,4;98;103,9;89,9;161000;20,60%;1545186;206912;26,50%;263;14281;1,80%;63811;135874;17,40%;7301;22664;2,90%;149204;238446;30,50%;3527;1753;0,20%;0;0;0,00%
62;Stage 2;TN34;450;1;Whole Building;Commercial;Mixed New Build/Refurb;2;No;Partial Footprint;Other;Other;Steel Frame/Timber;Lightweight/SFS;50217;61206;65221;54767;111,6;136;144,9;121,7;7000;11,40%;28298;2501;4,10%;262;5857;9,60%;0;0;0,00%;0;0;0,00%;27578;44073;72,00%;5010;1775;2,90%;0;0;0,00%
63;Stage 4;N3;1143;8,5;Whole Building;Residential (Single);Mixed New Build/Refurb;3;No;Partial Footprint;Mass Pads/Strips;Ground Bearing RC;Steel Frame/Timber;Masonry Only;97700;169713;179924;165375;85,5;148,5;157,4;144,7;59500;35,10%;339113;40182;23,70%;256;22244;13,10%;11829;25187;14,80%;0;0;0,00%;13512;21594;12,70%;2842;1007;0,60%;0;0;0,00%
64;As-Built;EX23;220;0,4;Whole Building;Residential (Single);New Build (Greenfield);1;No;None;Mass Pads/Strips;Ground Bearing RC;Masonry/Timber;Masonry Only;31180;42200;47270;46119;141,7;191,8;214,9;209,6;2800;6,60%;195582;17799;42,20%;238;17547;41,60%;625;1331;3,20%;0;0;0,00%;0;0;0,00%;431;153;0,40%;2624;2570;6,10%
65;Stage 5;SE24;108;1,4;Whole Building;Residential (Single);New Build (Brownfield);3;No;None;Mass Pads/Strips;Suspended RC;Masonry/Timber;Other;23836;38464;41726;40587;220,7;356,2;386,4;375,8;9800;25,50%;142896;13406;34,90%;228;12270;31,90%;1169;2488;6,50%;0;0;0,00%;0;0;0,00%;1005;500;1,30%;0;0;0,00%
66;Stage 5;HA8;126;0,7;Whole Building;Educational;New Build (Brownfield);2;No;None;Piled Ground Beams;Suspended RC;Masonry/Timber;Masonry Only;31980;42376;45674;40908;253,8;336,3;362,5;324,7;4900;11,60%;108722;14791;34,90%;222;8990;21,20%;4319;9196;21,70%;0;0;0,00%;609;973;2,30%;2724;967;2,30%;2612;2558;6,00%
67;Stage 5;W6;127;0,3;Whole Building;Educational;New Build (Brownfield);1;No;None;Mass Pads/Strips;Ground Bearing RC;Masonry/Timber;Masonry Only;24482;31466;35561;33444;192,8;247,8;280;263,3;2100;6,70%;173496;15787;50,20%;217;7074;22,50%;870;1853;5,90%;0;0;0,00%;1442;2305;7,30%;3087;1093;3,50%;1279;1253;4,00%
68;Stage 4;RG8;300;0,9;Whole Building;Residential (Single);Mixed New Build/Refurb;2;No;None;Piled Ground Beams;Suspended RC;Steel Frame/Timber;Masonry Only;44860;57324;61294;56911;149,5;191,1;204,3;189,7;6300;11,00%;199426;26664;46,50%;210;7618;13,30%;1980;4216;7,40%;0;0;0,00%;7402;11829;20,60%;1403;697;1,20%;0;0;0,00%
69;Stage 5;W6;61;0,3;Whole Building;Residential (Single);New Build (Greenfield);3;No;Partial Footprint;Reinforced Pads/Strips;Suspended RC;Steel Frame/Timber;Masonry Only;19053;24915;26726;25038;312,3;408,4;438,1;410,5;2100;8,40%;66890;8863;35,60%;210;8403;33,70%;1289;2745;11,00%;0;0;0,00%;1020;1630;6,50%;617;307;1,20%;885;867;3,50%
70;Stage 3;SW10;427;1,2;Whole Building;Residential (Single);Mixed New Build/Refurb;3;No;Full Footprint;Raft;Ground Bearing RC;Steel Frame/Composite;Masonry Only;141377;162714;169848;138714;331,1;381,1;397,8;324,9;8400;5,20%;405772;54300;33,40%;163;9311;5,70%;33745;71855;44,20%;307;953;0,60%;10781;17229;10,60%;1883;667;0,40%;0;0;0,00%
71;As-Built;NG8;1643;1,8;Whole Building;Commercial;New Build (Brownfield);3;No;None;Piled Ground Beams;Suspended RC;Steel Frame/Composite;Masonry/SFS;353436;395015;416452;338939;215,1;240,4;253,5;206,3;12600;3,20%;1095594;121281;30,70%;151;4730;1,20%;33495;71322;18,10%;16683;51787;13,10%;82341;131590;33,30%;4813;1705;0,40%;0;0;0,00%
72;Stage 3;CB2;1620;4,1;Whole Building;Educational;New Build (Brownfield);6;No;Partial Footprint;Mass Pads/Strips;Suspended RC;Timber Frame (Glulam/CLT);Masonry Only;323659;418259;438763;343637;199,8;258,2;270,8;212,1;28700;6,90%;872224;116797;27,90%;147;7419;1,80%;42370;90220;21,60%;0;0;0,00%;3385;5409;1,30%;1810;900;0,20%;279595;168813;40,40%
73;Stage 3;SS14;5760;25;Whole Building;Mixed Use;New Build (Brownfield);11;No;Partial Footprint;Piles (Pile Caps);Suspended RC;Concrete (In-Situ);Precast/GRC;1856748;2202571;2317605;2022740;322,4;382,4;402,4;351,2;175000;7,90%;9279151;1214459;55,10%;131;11310;0,50%;368806;785311;35,70%;0;0;0,00%;10319;16491;0,70%;0;0;0,00%;0;0;0,00%
74;Stage 3;LL65;455;3;Whole Building;Cultural/Public;New Build (Greenfield);1;No;None;Mass Pads/Strips;Suspended RC;Timber Frame (Glulam/CLT);Precast/GRC;110407;152949;164779;143148;242,7;336,2;362,2;314,6;21000;13,70%;477501;60327;39,40%;117;7446;4,90%;7721;16441;10,70%;0;0;0,00%;3432;5485;3,60%;6730;2384;1,60%;60085;39170;25,60%
75;Stage 3;TW20;1433;3;Whole Building;Residential (Multi);New Build (Brownfield);4;No;None;Mass Pads/Strips;Suspended RC;Concrete (In-Situ);Masonry/SFS;297702;347912;371449;322067;207,7;242,8;259,2;224,8;21000;6,00%;1462025;172757;49,70%;115;13113;3,80%;55127;117384;33,70%;0;0;0,00%;13537;21633;6,20%;5718;2025;0,60%;0;0;0,00%
76;As-Built;LE16;2368;6,6;Whole Building;Commercial;New Build (Brownfield);4;No;None;Mass Pads/Strips;Ground Bearing RC;Steel Frame/Precast;Masonry/SFS;519307;608600;649948;595734;219,3;257;274,5;251,6;46200;7,60%;2811131;318277;52,30%;112;7154;1,20%;11273;24004;3,90%;0;0;0,00%;133260;212965;35,00%;0;0;0,00%;0;0;0,00%
77;Stage 5;SE18;189;0,4;Whole Building;Cultural/Public;New Build (Brownfield);1;No;None;Other;Timber;Timber Frame (Softwood);Lightweight Only;7376;13405;16516;14170;39;70,9;87,4;75;2800;20,90%;0;0;0,00%;97;2870;21,40%;0;0;0,00%;0;0;0,00%;0;0;0,00%;4743;1680;12,50%;6168;6041;45,10%
78;Stage 5;OX17;75;1;Whole Building;Commercial;New Build (Brownfield);1;No;None;Mass Pads/Strips;Ground Bearing RC;Other;Stone;12866;21693;22779;21747;171,5;289,2;303,7;290;7000;32,30%;57067;7440;34,30%;92;2880;13,30%;262;558;2,60%;0;0;0,00%;2348;3752;17,30%;127;63;0,30%;0;0;0,00%
79;Stage 5;NG2;191;0,4;Whole Building;Residential (Single);New Build (Brownfield);3;No;None;Reinforced Pads/Strips;Ground Bearing RC;Steel Frame/Timber;Timber Only;27438;34587;39370;33507;143,7;181,1;206,1;175,4;2800;8,10%;84574;9946;28,80%;92;2707;7,80%;1753;3734;10,80%;279;866;2,50%;5729;9155;26,50%;5198;2370;6,90%;4853;3009;8,70%
80;Stage 4;SW3;527;1,5;Whole Building;Residential (Single);Full Refurb;4;No;Full Footprint;Raft;Suspended RC;Steel Frame/Timber;Masonry Only;172194;197608;207869;172788;326,7;375;394,4;327,9;10500;5,30%;606718;80429;40,70%;88;3301;1,70%;35023;74576;37,70%;500;1552;0,80%;15535;24826;12,60%;6842;2423;1,20%;0;0;0,00%
81;Stage 5;WC1;374;1;Whole Building;Commercial;Mixed New Build/Refurb;3;No;Partial Footprint;Mass Pads/Strips;Other;Steel Frame/Composite;Other;72252;85793;90597;77872;193,2;229,4;242,2;208,2;7000;8,20%;258483;33341;38,90%;85;2866;3,30%;10293;21917;25,50%;0;0;0,00%;12375;19777;23,10%;1795;892;1,00%;0;0;0,00%
82;Stage 4;E1;2490;6;Whole Building;Commercial;New Build (Greenfield);12;No;Full Footprint;Piles (Pile Caps);Suspended RC;Concrete (In-Situ);Masonry Only;812914;925726;969855;815798;326,5;371,8;389,5;327,6;42000;4,50%;3423275;455968;49,30%;71;2089;0,20%;188421;401212;43,30%;0;0;0,00%;15304;24458;2,60%;0;0;0,00%;0;0;0,00%
83;Stage 5;HA8;1624;7,7;Whole Building;Educational;New Build (Brownfield);2;No;None;Piled Ground Beams;Suspended RC;Other;Masonry/SFS;483008;586292;619643;529185;297,4;361;381,6;325,9;53900;9,20%;2010074;278005;47,40%;68;1527;0,30%;91557;194955;33,30%;3368;15927;2,70%;9264;14805;2,50%;24408;11990;2,00%;15500;15182;2,60%
84;Stage 5;CV1;621;2,1;Whole Building;Cultural/Public;Mixed New Build/Refurb;2;No;None;Piled Ground Beams;Ground Bearing RC;Steel Frame/Timber;Other;64819;86957;93327;81167;104,4;140;150,3;130,7;14700;16,90%;138899;17151;19,70%;68;4328;5,00%;2672;5690;6,50%;0;0;0,00%;23021;36790;42,30%;3784;1881;2,20%;6552;6418;7,40%
85;As-Built;IG11;8748;18;Whole Building;Residential (Multi);New Build (Brownfield);7;No;Partial Footprint;Piled Ground Beams;Suspended RC;Concrete (In-Situ);Masonry Only;2141831;2468449;2615550;2344178;244,8;282,2;299;268;126000;5,10%;12006497;1607759;65,10%;51;3246;0,10%;343509;731445;29,60%;0;0;0,00%;0;0;0,00%;0;0;0,00%;0;0;0,00%
86;Stage 4;E1;300;2;Whole Building;Commercial;New Build (Greenfield);2;No;Full Footprint;Piles (Pile Caps);Suspended RC;Concrete (In-Situ);Other;132479;158488;165356;139790;441,6;528,3;551,2;466;14000;8,80%;554755;74074;46,70%;51;1504;0,90%;32358;68900;43,50%;0;0;0,00%;0;0;0,00%;19;9;0,00%;0;0;0,00%
87;As-Built;CB1;5620;23;Whole Building;Cultural/Public;New Build (Brownfield);2;No;Full Footprint;Piles (Pile Caps);Suspended RC;Timber Frame (Glulam/CLT);Other;1827419;2231544;2423607;1983292;325,2;397,1;431,2;352,9;161000;7,20%;8266700;842783;37,80%;48;3055;0,10%;405500;863444;38,70%;0;0;0,00%;0;0;0,00%;0;0;0,00%;558000;361262;16,20%
88;As-Built;W2;414;2;Whole Building;Residential (Single);Mixed New Build/Refurb;6;No;Full Footprint;Raft;Other;Other;Masonry Only;160854;189709;198060;170729;388,5;458,2;478,4;412,4;14000;7,40%;637951;94526;49,80%;45;1798;0,90%;28518;60723;32,00%;871;2705;1,40%;8088;12925;6,80%;2234;1111;0,60%;1961;1921;1,00%
89;As-Built;G84;1582;4,5;Whole Building;Cultural/Public;Full Refurb;1;No;None;Reinforced Pads/Strips;Other;Steel Frame/Other;Lightweight Only;518226;578028;600903;497709;327,6;365,4;379,8;314,6;31500;5,40%;674305;87210;15,10%;44;2775;0,50%;12041;25639;4,40%;0;0;0,00%;258736;413490;71,50%;0;0;0,00%;25578;17415;3,00%
90;Stage 4;NG1;310;0,5;Whole Building;Educational;Mixed New Build/Refurb;3;No;None;Mass Pads/Strips;Suspended RC;Timber Frame (Glulam/CLT);Masonry Only;27386;50661;71466;53566;88,3;163,4;230,5;172,8;3500;6,90%;28992;3605;7,10%;41;1235;2,40%;80;170;0,30%;0;0;0,00%;1123;1795;3,50%;81185;40357;79,70%;0;0;0,00%
91;Stage 5;TN17;147;2;Whole Building;Residential (Single);New Build (Greenfield);1;No;None;Other;Suspended RC;Steel Frame/Other;Glazed/Curtain Wall;62457;82052;85193;70831;424,9;558,2;579,5;481,8;14000;17,10%;165536;22205;27,10%;27;1423;1,70%;10612;22597;27,50%;1819;5647;6,90%;8986;14361;17,50%;0;0;0,00%;2428;1820;2,20%
92;Stage 5;DE55;767;1;Whole Building;Residential (Single);New Build (Greenfield);4;No;Full Footprint;Reinforced Pads/Strips;Ground Bearing RC;Steel Frame/Other;Lightweight Only;535162;584352;604314;471079;697,7;761,9;787,9;614,2;7000;1,20%;1445247;190793;32,70%;25;693;0,10%;141221;300707;51,50%;5180;16080;2,80%;42838;68460;11,70%;1245;619;0,10%;0;0;0,00%
93;Stage 5;N6;120;0,4;Whole Building;Residential (Single);Full Refurb;4;No;Partial Footprint;Other;Timber;Steel Frame/Timber;Masonry Only;10730;14613;15503;14088;89,4;121,8;129,2;117,4;2800;19,20%;21153;2833;19,40%;22;2554;17,50%;91;193;1,30%;0;0;0,00%;3852;6155;42,10%;157;78;0,50%;0;0;0,00%
94;As-Built;MK18;1311;3,3;Whole Building;Educational;Mixed New Build/Refurb;2;No;None;Mass Pads/Strips;Suspended RC;Steel Frame/Composite;Glazed/Curtain Wall;307109;359069;393150;356857;234,3;273,9;299,9;272,2;23100;6,40%;2076510;197451;55,00%;16;1754;0,50%;16685;35528;9,90%;2314;7183;2,00%;58718;93838;26,10%;433;215;0,10%;0;0;0,00%
95;Stage 3;CB2;800;2;Whole Building;Educational;Mixed New Build/Refurb;4;No;None;Mass Pads/Strips;Suspended RC;Other;Masonry Only;82635;110375;117019;95493;103,3;138;146,3;119,4;14000;12,70%;257230;31693;28,70%;16;1743;1,60%;11226;23905;21,70%;0;0;0,00%;5425;8670;7,90%;0;0;0,00%;50291;30365;27,50%
96;As-Built;HP4;340;1,1;Whole Building;Residential (Single);New Build (Brownfield);2;No;Partial Footprint;Mass Pads/Strips;Suspended RC;Concrete (In-Situ);Other;65609;80461;88045;75641;193;236,6;259;222,5;7700;9,60%;395600;36452;45,30%;15;737;0,90%;13340;28405;35,30%;0;0;0,00%;3400;5434;6,80%;2800;1392;1,70%;500;340;0,40%
97;Stage 5;LE1;686;5;Whole Building;Cultural/Public;Mixed New Build/Refurb;4;Yes;Partial Footprint;Other;Suspended RC;Concrete (In-Situ);Stone;363819;431262;450694;386477;530,3;628,7;657;563,4;35000;8,10%;1619280;216950;50,30%;15;948;0,20%;77238;164465;38,10%;0;0;0,00%;8007;12796;3,00%;2218;1103;0,30%;0;0;0,00%
98;As-Built;SE22;4631;17;Whole Building;Healthcare;New Build (Brownfield);3;No;None;Piled Ground Beams;Suspended RC;Concrete (In-Situ);Masonry/SFS;1164255;1392456;1492315;1306862;251,4;300,7;322,2;282,2;119000;8,50%;6406200;763877;54,90%;13;625;0,00%;229010;487639;35,00%;0;0;0,00%;13338;21316;1,50%;0;0;0,00%;0;0;0,00%
99;As-Built;WD4;234;1;Whole Building;Residential (Single);New Build (Brownfield);2;No;None;Piles (Pile Caps);Suspended RC;Timber Frame (Glulam/CLT);Other;39774;52217;62818;53675;170;223,1;268,5;229,4;7000;13,40%;194052;20631;39,50%;13;409;0,80%;5998;12772;24,50%;0;0;0,00%;1948;3113;6,00%;761;378;0,70%;16646;7914;15,20%
100;As-Built;SE5;11939;4;Structure Only;Mixed Use;New Build (Brownfield);10;No;None;Piles (Pile Caps);Suspended RC;Concrete (In-Situ);Stone;3909519;4296053;4476087;3711155;327,5;359,8;374,9;310,8;56000;1,30%;14706584;2172682;50,60%;11;327;0,00%;964935;2054669;47,80%;0;0;0,00%;7744;12375;0,30%;0;0;0,00%;0;0;0,00%
101;Stage 5;SW10;4640;10;Whole Building;Residential (Multi);New Build (Brownfield);7;No;None;Mass Pads/Strips;Suspended RC;Timber Frame (Glulam/CLT);Lightweight Only;820343;1031623;1088155;860653;176,8;222,3;234,5;185,5;70000;6,80%;2591257;303424;29,40%;0;0;0,00%;118239;251770;24,40%;0;0;0,00%;45841;73259;7,10%;0;0;0,00%;551198;333170;32,30%
102;As-Built;SW19;742;3,7;Whole Building;Cultural/Public;Mixed New Build/Refurb;2;No;None;Reinforced Pads/Strips;Ground Bearing RC;Steel Frame/Precast;Masonry/SFS;131643;174041;192960;170815;177,4;234,6;260,1;230,2;25900;14,90%;654929;65348;37,50%;0;0;0,00%;3819;8132;4,70%;0;0;0,00%;37483;59902;34,40%;29689;14758;8,50%;0;0;0,00%
103;As-Built;OX1;4180;18;Whole Building;Educational;New Build (Greenfield);5;No;Partial Footprint;Piles (Pile Caps);Suspended RC;Concrete (In-Situ);SFS/Stone;1364617;1627204;1760425;1504019;326,5;389,3;421,2;359,8;126000;7,70%;7892945;806507;49,60%;0;0;0,00%;316313;673536;41,40%;0;0;0,00%;7500;11986;0,70%;18459;9176;0,60%;0;0;0,00%
104;Stage 4;SE10;15145;15;Whole Building;Residential (Multi);New Build (Brownfield);10;No;None;Piles (Pile Caps);Suspended RC;Concrete (In-Situ);Masonry/SFS;4276182;4770052;5033232;4327606;282,3;315;332,3;285,7;105000;2,20%;20927840;2769609;58,10%;0;0;0,00%;869362;1851162;38,80%;14265;44281;0,90%;0;0;0,00%;0;0;0,00%;0;0;0,00%
105;As-Built;UB2;4500;8;Whole Building;Residential (Multi);New Build (Brownfield);6;No;None;Piles (Pile Caps);Suspended RC;Concrete (In-Situ);Masonry/SFS;925507;1065123;1126038;974381;205,7;236,7;250,2;216,5;56000;5,30%;4521046;600246;56,40%;0;0;0,00%;191903;408625;38,40%;0;0;0,00%;158;253;0,00%;0;0;0,00%;0;0;0,00%
106;As-Built;UB2;3900;8;Whole Building;Residential (Multi);New Build (Brownfield);6;No;None;Piles (Pile Caps);Suspended RC;Concrete (In-Situ);Masonry/SFS;1046054;1197449;1263890;1104077;268,2;307;324,1;283,1;56000;4,70%;5333202;710642;59,30%;0;0;0,00%;202261;430681;36,00%;0;0;0,00%;79;126;0,00%;0;0;0,00%;0;0;0,00%
107;As-Built;OX4;1724;5;Whole Building;Educational;New Build (Brownfield);2;No;None;Piled Ground Beams;Suspended RC;Steel Frame/Composite;Masonry/SFS;527502;601682;630750;503138;306;349;365,9;291,8;35000;5,80%;1402014;149060;24,80%;0;0;0,00%;78324;166778;27,70%;18627;57822;9,60%;120545;192645;32,00%;760;378;0,10%;0;0;0,00%
108;As-Built;SE10;2772;21;Whole Building;Commercial;New Build (Brownfield);3;No;None;Piles (Pile Caps);Suspended RC;Steel Frame/Composite;Glazed/Curtain Wall;1062330;1282887;1327616;1107205;383,2;462,8;478,9;399,4;147000;11,50%;2819311;356480;27,80%;0;0;0,00%;99800;212507;16,60%;31780;98652;7,70%;293000;468248;36,50%;0;0;0,00%;0;0;0,00%
109;As-Built;W5;1555;5;Whole Building;Educational;New Build (Brownfield);4;Yes;Partial Footprint;Piled Ground Beams;Suspended RC;Timber Frame (Glulam/CLT);Masonry Only;206726;324065;344358;-406845;132,9;208,4;221,5;-261,6;35000;10,80%;724400;97003;29,90%;0;0;0,00%;31261;66565;20,50%;792;2459;0,80%;3858;6166;1,90%;0;0;0,00%;418100;116874;36,10%
110;As-Built;DT9;1874;11;Whole Building;Educational;New Build (Brownfield);2;No;None;Mass Pads/Strips;Ground Bearing RC;Timber Frame (Glulam/CLT);Masonry Only;519300;678534;713903;506346;277,1;362,1;381;270,2;77000;11,30%;1629830;160328;23,60%;0;0;0,00%;87733;186813;27,50%;0;0;0,00%;46865;74896;11,00%;2368;1177;0,20%;296095;178321;26,30%
111;As-Built;NW3;2349;11;Whole Building;Educational;New Build (Brownfield);9;No;Full Footprint;Piles (Pile Caps);Suspended RC;Concrete (In-Situ);Masonry/SFS;1609361;1826838;1924483;1532081;685,1;777,7;819,3;652,2;77000;4,20%;6271598;677447;37,10%;0;0;0,00%;487416;1037871;56,80%;0;0;0,00%;21600;34519;1,90%;0;0;0,00%;0;0;0,00%
112;As-Built;SE25;7755;20;Whole Building;Educational;Mixed New Build/Refurb;3;No;None;Piled Ground Beams;Suspended RC;Steel Frame/Precast;Masonry/SFS;1577187;1838487;1928077;1676275;203,4;237,1;248,6;216,2;140000;7,60%;6080786;836863;45,50%;0;0;0,00%;162571;346168;18,80%;20618;64002;3,50%;282320;451180;24,50%;774;274;0,00%;0;0;0,00%
113;As-Built;SE25;2100;8,5;Whole Building;Educational;New Build (Brownfield);1;No;None;Piles (Pile Caps);Suspended RC;Steel Frame/Other;Masonry Only;457731;555326;584536;468825;218;264,4;278,4;223,2;59500;10,70%;1392000;146933;26,50%;0;0;0,00%;73633;156789;28,20%;25275;78459;14,10%;71112;113645;20,50%;0;0;0,00%;0;0;0,00%
114;As-Built;NG7;15985;29;Whole Building;Educational;New Build (Brownfield);2;No;None;Mass Pads/Strips;Ground Bearing RC;Steel Frame/Composite;Masonry/SFS;3597690;4035481;4292690;3686093;225,1;252,5;268,5;230,6;203000;5,00%;12941554;1307291;32,40%;0;0;0,00%;205828;438276;10,90%;0;0;0,00%;1305860;2086914;51,70%;0;0;0,00%;0;0;0,00%
115;As-Built;SE5;5705;5;Whole Building;Residential (Multi);New Build (Brownfield);4;No;None;Piles (Pile Caps);Suspended RC;Concrete (In-Situ);Masonry/SFS;1328977;1480047;1556650;1297156;232,9;259,4;272,9;227,4;35000;2,40%;5548740;745223;50,40%;0;0;0,00%;328051;698529;47,20%;0;0;0,00%;643;1028;0,10%;538;267;0,00%;0;0;0,00%
116;Stage 5;NW6;3460;15;Whole Building;Educational;New Build (Brownfield);2;No;None;Piled Ground Beams;Suspended RC;Timber Frame (Glulam/CLT);Masonry Only;936764;1184002;1234827;1000809;270,7;342,2;356,9;289,3;105000;8,90%;2793100;374017;31,60%;0;0;0,00%;116327;247699;20,90%;0;0;0,00%;90435;144525;12,20%;0;0;0,00%;518007;312761;26,40%
117;Stage 5;E3;11500;27;Whole Building;Mixed Use;New Build (Brownfield);8;No;None;Piles (Pile Caps);Suspended RC;Concrete (In-Situ);Masonry/SFS;2784242;3224102;3397916;2948690;242,1;280,4;295,5;256,4;189000;5,90%;13546632;1824276;56,60%;0;0;0,00%;568641;1210826;37,60%;0;0;0,00%;0;0;0,00%;0;0;0,00%;0;0;0,00%
118;Stage 5;E3;9483;27;Whole Building;Mixed Use;New Build (Brownfield);10;No;None;Piles (Pile Caps);Ground Bearing RC;Concrete (In-Situ);Other;2608332;3036346;3203044;2822950;275,1;320,2;337,8;297,7;189000;6,20%;13612812;1822856;60,00%;0;0;0,00%;481132;1024490;33,70%;0;0;0,00%;0;0;0,00%;0;0;0,00%;0;0;0,00%
119;As-Built;HA9;31774;90;Whole Building;Residential (Multi);New Build (Brownfield);19;No;Full Footprint;Piles (Pile Caps);Suspended RC;Concrete (In-Situ);SFS/Stone;9339628;10796889;11337268;10082453;293,9;339,8;356,8;317,3;630000;5,80%;46616049;6649272;61,60%;0;0;0,00%;1502864;3200098;29,60%;0;0;0,00%;198684;317520;2,90%;0;0;0,00%;0;0;0,00%
120;Stage 5;E2;2276;7;Whole Building;Mixed Use;New Build (Brownfield);7;No;Full Footprint;Raft;Raft;Other;Masonry/Stone;581091;702367;732403;595064;255,3;308,6;321,8;261,5;49000;7,00%;1916136;271791;38,70%;0;0;0,00%;120324;256210;36,50%;0;0;0,00%;10296;16454;2,30%;0;0;0,00%;180384;108912;15,50%
121;Stage 5;SE18;11736;36;Whole Building;Educational;New Build (Brownfield);4;No;None;Piles (Pile Caps);Suspended RC;Steel Frame/Composite;Masonry/SFS;3675905;4186672;4343413;3613337;313,2;356,7;370,1;307,9;252000;6,00%;10094000;1375628;32,90%;0;0;0,00%;331164;705158;16,80%;112255;348462;8,30%;942000;1505424;36,00%;0;0;0,00%;0;0;0,00%
122;Stage 3;CB1;4115;12;Whole Building;Educational;New Build (Brownfield);4;No;None;Piled Ground Beams;Suspended RC;Other;Other;636748;883243;924112;700834;154,7;214,6;224,6;170,3;84000;9,50%;1195570;172862;19,60%;0;0;0,00%;53073;113011;12,80%;0;0;0,00%;6000;9589;1,10%;0;0;0,00%;834000;503782;57,00%
123;As-Built;W1;1712;8;Whole Building;Commercial;New Build (Brownfield);6;No;Full Footprint;Piled Ground Beams;Suspended RC;Concrete (In-Situ);SFS/Stone;721007;845185;905559;759839;421,1;493,7;528,9;443,8;56000;6,60%;3770966;396208;46,90%;0;0;0,00%;184324;392487;46,40%;0;0;0,00%;306;489;0,10%;0;0;0,00%;0;0;0,00%
124;As-Built;HA9;37115;100;Whole Building;Residential (Multi);New Build (Brownfield);17;No;Full Footprint;Piles (Pile Caps);Suspended RC;Concrete (In-Situ);Masonry/SFS;10594434;12219141;12847170;11134729;285,4;329,2;346,1;300;700000;5,70%;49642267;6647183;54,40%;0;0;0,00%;2005824;4271067;35,00%;0;0;0,00%;376000;600891;4,90%;0;0;0,00%;0;0;0,00%
125;As-Built;OX2;2139;7,7;Whole Building;Educational;New Build (Brownfield);3;No;None;Piles (Pile Caps);Suspended RC;Concrete (In-Situ);Masonry/Stone;620941;733807;784204;644830;290,3;343,1;366,6;301,5;53900;7,30%;2580000;278277;37,90%;0;0;0,00%;151280;322125;43,90%;0;0;0,00%;36145;57764;7,90%;12201;6065;0,80%;23023;15675;2,10%
126;As-Built;OX2;1730;11,9;Whole Building;Educational;New Build (Brownfield);5;No;Full Footprint;Piles (Pile Caps);Suspended RC;Concrete (In-Situ);Masonry/Stone;810028;965429;1025328;871577;468,2;558,1;592,7;503,8;83300;8,60%;3919200;426466;44,20%;0;0;0,00%;167149;355916;36,90%;0;0;0,00%;61044;97555;10,10%;4410;2192;0,20%;0;0;0,00%
127;Stage 4;SW7;1074;30;Whole Building;Residential (Single);New Build (Greenfield);4;No;Full Footprint;Piles (Pile Caps);Ground Bearing RC;Concrete (In-Situ);Masonry/SFS;604464;865002;889417;757411;562,8;805,4;828,1;705,2;210000;24,30%;2078968;299199;34,60%;0;0;0,00%;167096;355803;41,10%;0;0;0,00%;0;0;0,00%;0;0;0,00%;0;0;0,00%
128;As-Built;MK18;1360;3,8;Whole Building;Educational;New Build (Brownfield);3;No;None;Piles (Pile Caps);Suspended RC;Concrete (In-Situ);Other;532911;605103;632685;527846;391,8;444,9;465,2;388,1;26600;4,40%;2107296;282183;46,60%;0;0;0,00%;122834;261554;43,20%;0;0;0,00%;20606;32931;5,40%;3692;1835;0,30%;0;0;0,00%
129;As-Built;MK18;862;4,5;Whole Building;Educational;New Build (Brownfield);3;No;None;Piled Ground Beams;Suspended RC;Masonry/Concrete;Masonry/Stone;215408;267996;283492;245290;249,9;310,9;328,9;284,6;31500;11,80%;778931;104305;38,90%;0;0;0,00%;27049;57596;21,50%;0;0;0,00%;36267;57959;21,60%;8033;3993;1,50%;12908;12643;4,70%
130;As-Built;W1;2120;10;Whole Building;Commercial;New Build (Brownfield);8;No;Full Footprint;Raft;Other;Steel Frame/Composite;Masonry/Stone;648221;765965;790296;628054;305,8;361,3;372,8;296,3;70000;9,10%;1405160;194810;25,40%;0;0;0,00%;124017;264073;34,50%;20967;65086;8,50%;107624;171995;22,50%;0;0;0,00%;0;0;0,00%
131;Stage 5;N2;10108;38;Whole Building;Residential (Multi);New Build (Brownfield);4;No;Full Footprint;Piles (Pile Caps);Suspended RC;Concrete (In-Situ);Masonry/SFS;3999749;4626047;4856395;4079777;395,7;457,7;480,5;403,6;266000;5,80%;17970925;2245970;48,60%;0;0;0,00%;896221;1908353;41,30%;37284;115737;2,50%;55614;88878;1,90%;2232;1110;0,00%;0;0;0,00%
132;As-Built;SE26;1290;5;Whole Building;Healthcare;New Build (Brownfield);3;No;None;Piled Ground Beams;Suspended RC;Steel Frame/Precast;Masonry/SFS;502663;572614;597212;510749;389,7;443,9;463;395,9;35000;6,10%;1641394;209919;36,70%;0;0;0,00%;42398;90279;15,80%;3078;9555;1,70%;141363;225914;39,50%;3917;1947;0,30%;0;0;0,00%
133;As-Built;E3;1513;10;Whole Building;Educational;New Build (Brownfield);3;No;None;Piled Ground Beams;Suspended RC;Steel Frame/Composite;Lightweight/SFS;393715;491580;514089;425485;260,2;324,9;339,8;281,2;70000;14,20%;1030625;108475;22,10%;0;0;0,00%;29621;63073;12,80%;18010;55907;11,40%;121266;193797;39,40%;927;329;0,10%;0;0;0,00%
134;As-Built;CO4;5428;12;Whole Building;Educational;New Build (Greenfield);3;No;None;Mass Pads/Strips;Ground Bearing RC;Steel Frame/Composite;Lightweight Only;940226;1092154;1154172;981019;173,2;201,2;212,6;180,7;84000;7,70%;3364800;367619;33,70%;0;0;0,00%;74405;158433;14,50%;17900;55565;5,10%;266900;426537;39,10%;0;0;0,00%;0;0;0,00%
135;Stage 5;W1;125;1;Whole Building;Residential (Single);New Build (Brownfield);5;No;None;Piled Ground Beams;Suspended RC;Steel Frame/Composite;Masonry/Stone;35602;45098;46823;39354;284,8;360,8;374,6;314,8;7000;15,50%;92750;10987;24,40%;0;0;0,00%;1500;3194;7,10%;1750;5432;12,00%;11500;18378;40,80%;300;106;0,20%;0;0;0,00%
136;As-Built;CB3;19512;40;Whole Building;Residential (Multi);New Build (Greenfield);6;No;Full Footprint;Piles (Pile Caps);Suspended RC;Concrete (In-Situ);Masonry/SFS;5496911;6276534;6614711;5815419;281,7;321,7;339;298;280000;4,50%;28079606;3842155;61,20%;0;0;0,00%;1011762;2154378;34,30%;0;0;0,00%;0;0;0,00%;0;0;0,00%;0;0;0,00%
137;As-Built;OX2;2395;6;Whole Building;Residential (Multi);New Build (Brownfield);5;No;Partial Footprint;Piles (Pile Caps);Suspended RC;Concrete (In-Situ);Masonry/SFS;762800;874203;921098;798553;318,5;365;384,6;333,4;42000;4,80%;3818159;501901;57,40%;0;0;0,00%;155120;330302;37,80%;0;0;0,00%;0;0;0,00%;0;0;0,00%;0;0;0,00%
138;As-Built;SM2;10220;38;Whole Building;Educational;New Build (Brownfield);4;Yes;None;Reinforced Pads/Strips;Ground Bearing RC;Timber Frame (Glulam/CLT);Timber/SFS;2726136;3413059;3632936;2666348;266,7;334;355,5;260,9;266000;7,80%;11051550;1161106;34,00%;0;0;0,00%;539350;1148456;33,60%;0;0;0,00%;24100;38515;1,10%;0;0;0,00%;1319661;798983;23,40%
139;As-Built;SE1;5500;23,5;Whole Building;Cultural/Public;New Build (Greenfield);9;No;None;Piles (Pile Caps);Suspended RC;Concrete (In-Situ);Masonry Only;2544984;2931600;3095217;2447067;462,7;533;562,8;444,9;164500;5,60%;9470640;1005373;34,30%;0;0;0,00%;809685;1724089;58,80%;0;0;0,00%;22152;35401;1,20%;4500;2237;0,10%;0;0;0,00%
140;As-Built;SL9;1729;6,5;Whole Building;Cultural/Public;New Build (Brownfield);3;No;Partial Footprint;Piles (Pile Caps);Ground Bearing RC;Steel Frame/Precast;Masonry/SFS;747103;837819;872577;720686;432,1;484,6;504,7;416,8;45500;5,40%;1833807;202038;24,10%;0;0;0,00%;69160;147265;17,60%;4553;14133;1,70%;268368;428883;51,20%;0;0;0,00%;0;0;0,00%
141;As-Built;SE17;1850;7;Whole Building;Residential (Multi);New Build (Brownfield);6;No;None;Mass Pads/Strips;Suspended RC;Concrete (In-Situ);Masonry Only;554782;651202;678204;578219;299,9;352;366,6;312,6;49000;7,50%;2238548;331726;50,90%;0;0;0,00%;125943;268175;41,20%;0;0;0,00%;1440;2301;0,40%;0;0;0,00%;0;0;0,00%
142;As-Built;OX14;2054;7;Whole Building;Educational;New Build (Brownfield);3;No;None;Piles (Pile Caps);Suspended RC;Steel Frame/Precast;Masonry/SFS;298168;376397;409093;352347;145,2;183,3;199,2;171,5;49000;13,00%;1732680;169287;45,00%;0;0;0,00%;62735;133584;35,50%;2900;9002;2,40%;9557;15273;4,10%;504;251;0,10%;0;0;0,00%
143;As-Built;OX27;1210;4;Whole Building;Commercial;New Build (Greenfield);3;Yes;None;Raft;Raft;Concrete (In-Situ);Timber Only;349416;412026;430388;346332;288,8;340,5;355,7;286,2;28000;6,80%;1276375;170095;41,30%;0;0;0,00%;59993;127745;31,00%;27220;84496;20,50%;0;0;0,00%;3400;1690;0,40%;0;0;0,00%
144;Stage 5;CT2;2769;10,8;Whole Building;Educational;New Build (Brownfield);3;No;None;Mass Pads/Strips;Suspended RC;Timber Frame (Glulam/CLT);Other;611076;786529;834861;722648;220,7;284;301,5;261;75600;9,60%;3221447;398943;50,70%;0;0;0,00%;54426;115891;14,70%;0;0;0,00%;2669;4265;0,50%;0;0;0,00%;317715;191829;24,40%
145;Stage 2;RM13;17710;30;Whole Building;Residential (Multi);New Build (Brownfield);8;No;Partial Footprint;Piles (Pile Caps);Suspended RC;Concrete (In-Situ);Masonry/Stone;6586432;7385594;7757139;6630358;371,9;417;438;374,4;210000;2,80%;30903175;4138517;56,00%;0;0;0,00%;1426304;3037077;41,10%;0;0;0,00%;0;0;0,00%;0;0;0,00%;0;0;0,00%
146;As-Built;E16;3600;9,5;Whole Building;Educational;New Build (Brownfield);3;No;None;Raft;Raft;Concrete (In-Situ);Masonry/SFS;908467;1062347;1139600;943200;252,4;295,1;316,6;262;66500;6,30%;4469110;475149;44,70%;0;0;0,00%;216677;461377;43,40%;19110;59321;5,60%;0;0;0,00%;0;0;0,00%;0;0;0,00%
147;As-Built;OX1;763;4,7;Whole Building;Educational;New Build (Greenfield);3;No;Other;Piles (Pile Caps);Suspended RC;Concrete (In-Situ);Glazed/Curtain Wall;301751;359752;373474;302593;395,5;471,5;489,5;396,6;32900;9,10%;1008225;133092;37,00%;0;0;0,00%;88012;187407;52,10%;0;0;0,00%;3975;6353;1,80%;0;0;0,00%;0;0;0,00%
148;Stage 4;NW8;810;4,5;Whole Building;Residential (Single);Mixed New Build/Refurb;4;No;Full Footprint;Piles (Pile Caps);Suspended RC;Concrete (In-Situ);Masonry Only;263883;318914;334776;286665;325,8;393,7;413,3;353,9;31500;9,90%;1202784;153834;48,20%;0;0;0,00%;58000;123501;38,70%;0;0;0,00%;5888;9410;3,00%;1345;669;0,20%;0;0;0,00%
149;As-Built;SL6;500;1,5;Whole Building;Healthcare;New Build (Greenfield);2;No;None;Piles (Pile Caps);Suspended RC;Concrete (In-Situ);Glazed/Curtain Wall;296935;331304;343162;270307;593,9;662,6;686,3;540,6;10500;3,20%;883927;115780;34,90%;0;0;0,00%;84382;179677;54,20%;1215;3772;1,10%;13500;21575;6,50%;0;0;0,00%;0;0;0,00%
150;As-Built;OX3;1900;11;Whole Building;Healthcare;New Build (Brownfield);3;No;Partial Footprint;Piles (Pile Caps);Suspended RC;Steel Frame/Precast;Glazed/Curtain Wall;590475;716628;769308;686536;310,8;377,2;404,9;361,3;77000;10,70%;3172800;337327;47,10%;0;0;0,00%;54774;116632;16,30%;0;0;0,00%;116180;185669;25,90%;0;0;0,00%;0;0;0,00%
151;As-Built;IG11;3023;7;Whole Building;Residential (Multi);New Build (Brownfield);3;No;None;Mass Pads/Strips;Suspended RC;Concrete (In-Situ);Masonry Only;667701;783432;854426;751709;220,9;259,2;282,6;248,7;49000;6,30%;4294296;456563;58,30%;0;0;0,00%;129384;275501;35,20%;0;0;0,00%;1482;2368;0,30%;0;0;0,00%;0;0;0,00%
152;As-Built;NW10;21500;40;Whole Building;Residential (Multi);New Build (Brownfield);6;No;Partial Footprint;Piles (Pile Caps);Suspended RC;Concrete (In-Situ);Masonry/SFS;5855889;6649953;6980771;5865463;272,4;309,3;324,7;272,8;280000;4,20%;25120341;3363799;50,60%;0;0;0,00%;1411782;3006154;45,20%;0;0;0,00%;0;0;0,00%;0;0;0,00%;0;0;0,00%
153;As-Built;CR8;3268;8;Whole Building;Residential (Multi);New Build (Brownfield);3;No;Partial Footprint;Raft;Raft;Timber Frame (Glulam/CLT);Masonry Only;353884;501809;537429;-194835;108,3;153,6;164,5;-59,6;56000;11,20%;1582208;192962;38,50%;0;0;0,00%;52300;111364;22,20%;0;0;0,00%;19419;31034;6,20%;0;0;0,00%;395118;110450;22,00%
154;As-Built;HA9;42487;135;Whole Building;Residential (Multi);New Build (Brownfield);21;No;None;Piles (Pile Caps);Suspended RC;Concrete (In-Situ);Masonry/SFS;8673295;10428961;11204037;9653409;204,1;245,5;263,7;227,2;945000;9,10%;45445475;5304463;50,90%;0;0;0,00%;1962820;4179497;40,10%;0;0;0,00%;0;0;0,00%;0;0;0,00%;0;0;0,00%
155;Stage 4;OX11;1760;5,1;Whole Building;Science/Lab;New Build (Brownfield);2;No;None;Mass Pads/Strips;Suspended RC;Steel Frame/Composite;Other;371880;439257;467118;405159;211,3;249,6;265,4;230,2;35700;8,10%;1806651;197122;44,90%;0;0;0,00%;39468;84039;19,10%;7187;22309;5,10%;62628;100086;22,80%;0;0;0,00%;0;0;0,00%
156;As-Built;OX11;12665;100;Whole Building;Science/Lab;New Build (Greenfield);5;No;Partial Footprint;Reinforced Pads/Strips;Ground Bearing RC;Steel Frame/Timber;Lightweight/SFS;3088151;4138261;4362707;2565013;243,8;326,7;344,5;202,5;700000;16,90%;12312800;1670395;40,40%;0;0;0,00%;190877;406441;9,80%;0;0;0,00%;709951;1134583;27,40%;0;0;0,00%;811500;226843;5,50%
157;Stage 2;OX11;8500;80;Whole Building;Science/Lab;New Build (Brownfield);3;No;None;Piles (Pile Caps);Suspended RC;Concrete (In-Situ);Lightweight/SFS;2416435;3188096;3330605;2920111;284,3;375,1;391,8;343,5;560000;17,60%;10803300;1449831;45,50%;0;0;0,00%;471000;1002916;31,50%;0;0;0,00%;102140;163231;5,10%;9600;4772;0,10%;7500;7346;0,20%
158;As-Built;E17;12577;30;Whole Building;Residential (Multi);New Build (Brownfield);16;No;Partial Footprint;Piles (Pile Caps);Suspended RC;Concrete (In-Situ);Masonry/Stone;3962312;4539020;4765948;4093213;315;360,9;378,9;325,5;210000;4,60%;18436642;2515761;55,40%;0;0;0,00%;851562;1813260;39,90%;0;0;0,00%;0;0;0,00%;0;0;0,00%;0;0;0,00%
159;As-Built;SO24;312;2;Whole Building;Residential (Single);New Build (Brownfield);1;No;None;Mass Pads/Strips;Suspended RC;Steel Frame/Timber;Timber Only;75364;100434;112170;98186;241,6;321,9;359,5;314,7;14000;13,90%;419290;39832;39,70%;0;0;0,00%;6156;13108;13,10%;0;0;0,00%;13698;21891;21,80%;18107;9001;9,00%;2656;2602;2,60%
160;As-Built;SO24;109;0,7;Whole Building;Residential (Single);Full Refurb;1;No;None;Mass Pads/Strips;Suspended RC;Timber Frame (Softwood);Timber Only;22380;30277;33695;29706;205,3;277,8;309,1;272,5;4900;16,20%;158969;14772;48,80%;0;0;0,00%;3801;8094;26,70%;0;0;0,00%;467;746;2,50%;3849;1765;5,80%;0;0;0,00%
161;As-Built;CB6;3657;6,5;Whole Building;Science/Lab;New Build (Greenfield);2;No;None;Reinforced Pads/Strips;Ground Bearing RC;Steel Frame/Composite;Lightweight/SFS;635848;738894;799584;706009;173,9;202;218,6;193,1;45500;6,20%;3746400;357089;48,30%;0;0;0,00%;26423;56263;7,60%;19894;61755;8,40%;136590;218286;29,50%;0;0;0,00%;0;0;0,00%
162;Stage 5;GU8;1830;45;Whole Building;Residential (Single);Mixed New Build/Refurb;3;No;Full Footprint;Piled Ground Beams;Suspended RC;Concrete (In-Situ);Masonry/Stone;1414706;1857174;1952620;1612875;773,1;1014,8;1067;881,4;315000;17,00%;5847540;619757;33,40%;0;0;0,00%;423286;901317;48,50%;0;0;0,00%;10755;17188;0,90%;7871;3913;0,20%;0;0;0,00%
163;Stage 4;SE6;6941;3,4;Whole Building;Educational;New Build (Greenfield);3;No;None;Piles (Pile Caps);Ground Bearing RC;Concrete (In-Situ);Masonry Only;2352532;2574462;2693068;2213874;338,9;370,9;388;319;23800;0,90%;9041813;1214219;47,20%;0;0;0,00%;578262;1231312;47,80%;0;0;0,00%;65784;105130;4,10%;0;0;0,00%;0;0;0,00%
164;As-Built;OX2;2404;6,2;Whole Building;Educational;New Build (Greenfield);3;No;None;Piles (Pile Caps);Suspended RC;Concrete (In-Situ);Masonry/Stone;761128;870713;921799;725525;316,6;362,2;383,4;301,8;43400;5,00%;2472450;264329;30,40%;0;0;0,00%;220202;468883;53,90%;0;0;0,00%;52350;83661;9,60%;21000;10439;1,20%;0;0;0,00%
165;As-Built;GU7;1930;12;Whole Building;Educational;New Build (Greenfield);3;No;None;Mass Pads/Strips;Ground Bearing RC;Concrete (In-Situ);Masonry Only;477643;603575;641244;531994;247,5;312,7;332,3;275,6;84000;13,90%;2019396;202720;33,60%;0;0;0,00%;122902;261699;43,40%;0;0;0,00%;33306;53227;8,80%;3879;1928;0,30%;0;0;0,00%
166;As-Built;WV10;2575;6,5;Whole Building;Healthcare;New Build (Brownfield);4;No;Full Footprint;Mass Pads/Strips;Suspended RC;Steel Frame/Precast;Lightweight/SFS;446616;528973;571580;517274;173,4;205,4;222;200,9;45500;8,60%;2639755;255717;48,30%;0;0;0,00%;17363;36972;7,00%;0;0;0,00%;119380;190783;36,10%;0;0;0,00%;0;0;0,00%
167;As-Built;NW6;4787;12;Whole Building;Residential (Multi);New Build (Brownfield);6;No;None;Piled Ground Beams;Suspended RC;Concrete (In-Situ);Masonry/SFS;1174584;1364531;1438052;1247292;245,4;285;300,4;260,6;84000;6,20%;5723082;766363;56,20%;0;0;0,00%;241469;514168;37,70%;0;0;0,00%;0;0;0,00%;0;0;0,00%;0;0;0,00%
168;Stage 3;NW6;8897;17;Whole Building;Mixed Use;New Build (Brownfield);8;No;None;Piles (Pile Caps);Suspended RC;Masonry/Concrete;Masonry Only;1900958;2182924;2285428;1932175;213,7;245,4;256,9;217,2;119000;5,50%;7631705;1111313;50,90%;0;0;0,00%;446861;951516;43,60%;0;0;0,00%;685;1095;0,10%;0;0;0,00%;0;0;0,00%
169;As-Built;SP4;3851;8;Whole Building;Industrial;New Build (Greenfield);1;No;None;Mass Pads/Strips;Ground Bearing RC;Steel Frame/Composite;Lightweight/SFS;724739;840227;904390;784279;188,2;218,2;234,8;203,7;56000;6,70%;3447160;343301;40,90%;0;0;0,00%;32456;69110;8,20%;23297;72319;8,60%;187407;299498;35,60%;0;0;0,00%;0;0;0,00%
170;As-Built;YO26;307;1,5;Whole Building;Commercial;New Build (Greenfield);2;No;None;Mass Pads/Strips;Ground Bearing RC;Timber Frame (Softwood);Timber Only;42748;64923;77834;67780;139,2;211,5;253,5;220,8;10500;16,20%;321708;29730;45,80%;0;0;0,00%;3540;7538;11,60%;0;0;0,00%;462;738;1,10%;33026;16417;25,30%;0;0;0,00%
171;As-Built;CB5;1137;11;Whole Building;Educational;Mixed New Build/Refurb;4;No;Partial Footprint;Piles (Pile Caps);Ground Bearing RC;Steel Frame/Other;Masonry/Stone;721895;866222;914460;814055;634,9;761,8;804,3;716;77000;8,90%;4122950;501935;57,90%;0;0;0,00%;112985;240583;27,80%;1691;5249;0,60%;25788;41212;4,80%;686;243;0,00%;0;0;0,00%
172;Stage 3;OX2;446;2;Whole Building;Educational;New Build (Greenfield);3;No;None;Mass Pads/Strips;Timber;Timber Frame (Glulam/CLT);Masonry Only;57553;86789;93982;77677;129;194,6;210,7;174,2;14000;16,10%;326619;26435;30,50%;0;0;0,00%;972;2070;2,40%;0;0;0,00%;1087;1737;2,00%;273;97;0,10%;70274;42451;48,90%
173;As-Built;TN30;587;3;Whole Building;Residential (Single);New Build (Greenfield);1;No;None;Mass Pads/Strips;Ground Bearing RC;Concrete (In-Situ);Other;223697;265287;279759;245091;381,1;451,9;476,6;417,5;21000;7,90%;1196719;151167;57,00%;0;0;0,00%;41899;89217;33,60%;825;3903;1,50%;0;0;0,00%;0;0;0,00%;0;0;0,00%
174;As-Built;SW19;6975;22,4;Whole Building;Residential (Multi);New Build (Brownfield);9;No;None;Piles (Pile Caps);Suspended RC;Concrete (In-Situ);Masonry/SFS;2007013;2351985;2523708;2111398;287,7;337,2;361,8;302,7;156800;6,70%;10194475;1083860;46,10%;0;0;0,00%;521912;1111324;47,30%;0;0;0,00%;0;0;0,00%;0;0;0,00%;0;0;0,00%
175;As-Built;SW19;2475;8,2;Whole Building;Residential (Multi);New Build (Brownfield);7;No;None;Piles (Pile Caps);Suspended RC;Concrete (In-Situ);Masonry/SFS;746772;872386;930977;763036;301,7;352,5;376,2;308,3;57400;6,60%;3407914;362324;41,50%;0;0;0,00%;212584;452662;51,90%;0;0;0,00%;0;0;0,00%;0;0;0,00%;0;0;0,00%
176;As-Built;E3;4950;12;Whole Building;Residential (Multi);New Build (Brownfield);4;No;Partial Footprint;Piles (Pile Caps);Suspended RC;Concrete (In-Situ);Masonry/SFS;1261930;1458824;1535318;1319747;254,9;294,7;310,2;266,6;84000;5,80%;5925327;793784;54,40%;0;0;0,00%;272874;581040;39,80%;0;0;0,00%;0;0;0,00%;0;0;0,00%;0;0;0,00%
177;Stage 5;SW7;23;0,2;Whole Building;Cultural/Public;New Build (Greenfield);1;No;None;Other;Other;Steel Frame/Other;Glazed/Curtain Wall;4867;6418;6554;5486;211,6;279;284,9;238,5;1400;21,80%;0;0;0,00%;0;0;0,00%;0;0;0,00%;0;0;0,00%;3140;5018;78,20%;0;0;0,00%;0;0;0,00%
178;Stage 2;OX4;5850;27,4;Whole Building;Residential (Multi);New Build (Brownfield);15;No;None;Piles (Pile Caps);Ground Bearing RC;Concrete (In-Situ);Other;1977547;2333626;2425316;1954199;338;398,9;414,6;334,1;191800;8,20%;6487200;857762;36,80%;0;0;0,00%;587362;1250689;53,60%;0;0;0,00%;20884;33375;1,40%;0;0;0,00%;0;0;0,00%
179;Stage 2;OX4;7120;33,3;Whole Building;Residential (Multi);New Build (Brownfield);8;No;None;Piles (Pile Caps);Suspended RC;Concrete (In-Situ);Masonry Only;1436501;1793633;1877005;1579334;201,8;251,9;263,6;221,8;233100;13,00%;5662160;758205;42,30%;0;0;0,00%;376798;802328;44,70%;0;0;0,00%;0;0;0,00%;0;0;0,00%;0;0;0,00%
180;Stage 2;OX4;2755;12,9;Whole Building;Residential (Multi);New Build (Brownfield);4;No;None;Piles (Pile Caps);Suspended RC;Concrete (In-Situ);Masonry/SFS;998812;1172652;1218099;976452;362,5;425,6;442,1;354,4;90300;7,70%;3259641;431028;36,80%;0;0;0,00%;305882;651324;55,50%;0;0;0,00%;0;0;0,00%;0;0;0,00%;0;0;0,00%
181;Stage 2;OX4;5676;26,5;Whole Building;Residential (Multi);New Build (Brownfield);10;No;None;Piles (Pile Caps);Suspended RC;Concrete (In-Situ);Masonry/SFS;1665070;1992422;2081330;1647095;293,4;351;366,7;290,2;185500;9,30%;5586866;636503;31,90%;0;0;0,00%;549665;1170420;58,70%;0;0;0,00%;0;0;0,00%;0;0;0,00%;0;0;0,00%
182;Stage 2;UB2;56828;120;Whole Building;Residential (Multi);New Build (Brownfield);18;No;None;Piles (Pile Caps);Suspended RC;Concrete (In-Situ);Masonry/SFS;17775237;20222387;21289426;18447174;312,8;355,9;374,6;324,6;840000;4,20%;87534385;11721501;58,00%;0;0;0,00%;3597787;7660886;37,90%;0;0;0,00%;0;0;0,00%;0;0;0,00%;0;0;0,00%
183;Stage 3;SE15;19730;49;Whole Building;Residential (Multi);New Build (Brownfield);14;No;None;Piles (Pile Caps);Suspended RC;Concrete (In-Situ);Masonry/SFS;6379500;7279157;7620395;6366158;323,3;368,9;386,2;322,7;343000;4,70%;26552225;3555539;48,80%;0;0;0,00%;1587642;3380618;46,40%;0;0;0,00%;0;0;0,00%;0;0;0,00%;0;0;0,00%
184;Stage 3;OX11;1005;2,5;Whole Building;Science/Lab;New Build (Greenfield);2;No;None;Mass Pads/Strips;Ground Bearing RC;Steel Frame/Timber;Lightweight/SFS;252633;301443;318183;263050;251,4;299,9;316,6;261,7;17500;5,80%;863800;90780;30,10%;0;0;0,00%;16475;35081;11,60%;0;0;0,00%;62000;99083;32,90%;1150;407;0,10%;96700;58592;19,40%
185;Stage 4;B29;10779;26,1;Whole Building;Residential (Multi);New Build (Brownfield);9;No;Partial Footprint;Piles (Pile Caps);Suspended RC;Concrete (In-Situ);Masonry Only;3431795;3916689;4105831;3468143;318,4;363,4;380,9;321,7;182700;4,70%;14985600;2015192;51,50%;0;0;0,00%;807200;1718798;43,90%;0;0;0,00%;0;0;0,00%;0;0;0,00%;0;0;0,00%
186;Stage 4;B29;9083;22;Whole Building;Residential (Multi);New Build (Brownfield);9;No;Partial Footprint;Piles (Pile Caps);Suspended RC;Concrete (In-Situ);Masonry Only;3213792;3651531;3826649;3238415;353,8;402;421,3;356,5;154000;4,20%;14215200;1912030;52,40%;0;0;0,00%;744600;1585501;43,40%;0;0;0,00%;0;0;0,00%;0;0;0,00%;0;0;0,00%
187;Stage 4;B29;8137;19,7;Whole Building;Residential (Multi);New Build (Brownfield);9;No;Partial Footprint;Piles (Pile Caps);Suspended RC;Concrete (In-Situ);Masonry Only;2206934;2539044;2664516;2253119;271,2;312;327,5;276,9;137900;5,40%;9607680;1292281;50,90%;0;0;0,00%;520756;1108863;43,70%;0;0;0,00%;0;0;0,00%;0;0;0,00%;0;0;0,00%
188;Stage 4;B29;7130;17,3;Whole Building;Residential (Multi);New Build (Brownfield);12;No;Partial Footprint;Piles (Pile Caps);Suspended RC;Concrete (In-Situ);Masonry Only;1848024;2132278;2239429;1901447;259,2;299,1;314,1;266,7;121100;5,70%;8175600;1100196;51,60%;0;0;0,00%;427825;910982;42,70%;0;0;0,00%;0;0;0,00%;0;0;0,00%;0;0;0,00%
189;As-Built;TA13;83;0,224;Whole Building;Residential (Single);New Build (Greenfield);2;No;None;Mass Pads/Strips;Timber;Timber Frame (Softwood);Timber Only;4611;7980;10435;8643;55,6;96,1;125,7;104,1;1568;19,60%;16080;829;10,40%;0;0;0,00%;0;0;0,00%;0;0;0,00%;1286;2055;25,80%;6043;2958;37,10%;258;253;3,20%
190;As-Built;SL7;707;3,8;Whole Building;Residential (Single);New Build (Brownfield);2;No;None;Piles (Pile Caps);Suspended RC;Concrete (In-Situ);SFS/Stone;258876;310327;332940;282224;366,2;438,9;470,9;399,2;26600;8,60%;1422271;147029;47,40%;0;0;0,00%;64198;136699;44,00%;0;0;0,00%;0;0;0,00%;0;0;0,00%;0;0;0,00%
191;As-Built;SL7;707;3,8;Whole Building;Residential (Single);New Build (Brownfield);2;No;None;Piles (Pile Caps);Suspended RC;Concrete (In-Situ);SFS/Stone;258876;310327;332940;282224;366,2;438,9;470,9;399,2;26600;8,60%;1422271;147029;47,40%;0;0;0,00%;64198;136699;44,00%;0;0;0,00%;0;0;0,00%;0;0;0,00%;0;0;0,00%
192;As-Built;NW3;684;2,4;Whole Building;Residential (Single);Mixed New Build/Refurb;5;No;Partial Footprint;Piled Ground Beams;Ground Bearing RC;Steel Frame/Timber;Masonry Only;134514;162207;171112;148743;196,7;237,1;250,2;217,5;16800;10,40%;539729;69276;42,70%;0;0;0,00%;16896;35977;22,20%;286;888;0,50%;23743;37944;23,40%;2660;1322;0,80%;0;0;0,00%
193;As-Built;W7;3734;10;Whole Building;Residential (Multi);New Build (Brownfield);6;No;None;Piles (Pile Caps);Suspended RC;Concrete (In-Situ);Masonry Only;661194;790995;846520;690585;177,1;211,8;226,7;184,9;70000;8,80%;2871334;300695;38,00%;0;0;0,00%;197386;420301;53,10%;0;0;0,00%;0;0;0,00%;0;0;0,00%;0;0;0,00%
194;As-Built;W7;4200;10;Whole Building;Residential (Multi);New Build (Brownfield);7;No;None;Piles (Pile Caps);Suspended RC;Concrete (In-Situ);Masonry Only;872443;1021551;1092870;890479;207,7;243,2;260,2;212;70000;6,90%;3844809;406035;39,70%;0;0;0,00%;256191;545516;53,40%;0;0;0,00%;0;0;0,00%;0;0;0,00%;0;0;0,00%
195;As-Built;W7;5600;9;Whole Building;Residential (Multi);New Build (Brownfield);8;No;None;Piles (Pile Caps);Suspended RC;Concrete (In-Situ);Masonry/SFS;1180262;1349874;1426774;1236355;210,8;241;254,8;220,8;63000;4,70%;5783760;773628;57,30%;0;0;0,00%;241036;513246;38,00%;0;0;0,00%;0;0;0,00%;0;0;0,00%;0;0;0,00%
196;Stage 2;NW3;614;7;Whole Building;Residential (Single);New Build (Brownfield);3;No;Full Footprint;Raft;Suspended RC;Timber Frame (Glulam/CLT);Masonry Only;121821;190709;199278;168357;198,4;310,6;324,6;274,2;49000;25,70%;473981;56715;29,70%;0;0;0,00%;20623;43914;23,00%;0;0;0,00%;0;0;0,00%;0;0;0,00%;68039;41080;21,50%
197;As-Built;IP7;33;0,2;Whole Building;Commercial;New Build (Brownfield);1;No;None;Mass Pads/Strips;Suspended RC;Steel Frame/Timber;Glazed/Curtain Wall;9438;11774;12550;11127;286;356,8;380,3;337,2;1400;11,90%;48960;4645;39,50%;0;0;0,00%;907;1931;16,40%;0;0;0,00%;2078;3321;28,20%;0;0;0,00%;1105;477;4,10%
198;Stage 4;OX1;560;5,7;Whole Building;Educational;New Build (Brownfield);2;Yes;None;Piles (Pile Caps);Suspended RC;Steel Frame/Timber;Glazed/Curtain Wall;126660;183134;190202;163977;226,2;327;339,6;292,8;39900;21,80%;226800;27550;15,00%;0;0;0,00%;12120;25808;14,10%;0;0;0,00%;23360;37332;20,40%;1600;795;0,40%;38900;24436;13,30%
199;As-Built;PE21;821;1,6;Whole Building;Educational;New Build (Brownfield);2;No;None;Piles (Pile Caps);Suspended RC;Steel Frame/Other;Masonry/SFS;182862;209873;219355;193992;222,7;255,6;267,2;236,3;11200;5,30%;532053;108957;51,90%;0;0;0,00%;14244;30330;14,50%;0;0;0,00%;37160;59386;28,30%;0;0;0,00%;0;0;0,00%
200;Stage 5;LN6;753;2,5;Whole Building;Educational;New Build (Brownfield);3;No;None;Mass Pads/Strips;Suspended RC;Steel Frame/Composite;Lightweight/SFS;130534;165070;181764;163159;173,4;219,2;241,4;216,7;17500;10,60%;356860;59314;35,90%;0;0;0,00%;5199;11070;6,70%;8250;25610;15,50%;6540;10452;6,30%;0;0;0,00%;0;0;0,00%
201;Stage 4;OX33;365;1;Whole Building;Educational;New Build (Brownfield);2;No;None;Mass Pads/Strips;Ground Bearing RC;Steel Frame/Timber;Masonry Only;67439;81843;88535;75525;184,8;224,2;242,6;206,9;7000;8,60%;252500;27736;33,90%;0;0;0,00%;6800;14479;17,70%;0;0;0,00%;15700;25090;30,70%;6100;3032;3,70%;4600;4506;5,50%
202;Stage 3;W1;1900;3;Structure Only;Commercial;Mixed New Build/Refurb;6;No;Full Footprint;Piles (Pile Caps);Suspended RC;Steel Frame/Composite;Masonry Only;409999;479136;497645;402768;215,8;252,2;261,9;212;42000;8,80%;859745;114750;23,90%;0;0;0,00%;76816;163568;34,10%;0;0;0,00%;98230;156984;32,80%;3691;1835;0,40%;0;0;0,00%
203;Stage 5;W8;854;3,5;Whole Building;Commercial;New Build (Brownfield);6;No;Full Footprint;Raft;Suspended RC;Concrete (In-Situ);Masonry/SFS;228613;273639;291038;236555;267,7;320,4;340,8;277;24500;9,00%;954819;100713;36,80%;0;0;0,00%;67691;144136;52,70%;0;0;0,00%;2414;3858;1,40%;867;431;0,20%;0;0;0,00%
204;Stage 3;W3;18228;40;Whole Building;Mixed Use;New Build (Brownfield);13;No;Partial Footprint;Raft;Suspended RC;Concrete (In-Situ);Masonry Only;6141622;6966831;7310109;6289126;336,9;382,2;401;345;280000;4,00%;28584753;3918128;56,20%;0;0;0,00%;1281787;2729351;39,20%;0;0;0,00%;24624;39352;0,60%;0;0;0,00%;0;0;0,00%
205;Stage 4;W3;631;1,2;Whole Building;Educational;New Build (Brownfield);1;No;None;Piles (Pile Caps);Suspended RC;Steel Frame/Composite;Masonry Only;181688;203413;213319;189465;287,9;322,4;338,1;300,3;8400;4,10%;728600;97565;48,00%;0;0;0,00%;0;0;0,00%;4733;14691;7,20%;51785;82758;40,70%;0;0;0,00%;0;0;0,00%
206;Stage 3;N15;3760;10;Whole Building;Residential (Multi);New Build (Greenfield);9;No;None;Piles (Pile Caps);Suspended RC;Concrete (In-Situ);Masonry/SFS;1217469;1392962;1457609;1195774;323,8;370,5;387,7;318;70000;5,00%;4782155;617222;44,30%;0;0;0,00%;331437;705740;50,70%;0;0;0,00%;0;0;0,00%;0;0;0,00%;0;0;0,00%
207;Stage 4;WD19;313;0,8;Whole Building;Residential (Single);New Build (Brownfield);3;No;Partial Footprint;Raft;Other;Steel Frame/Other;Masonry/SFS;67272;77872;82269;68856;214,9;248,8;262,8;220;5600;7,20%;177852;22759;29,20%;0;0;0,00%;5745;12233;15,70%;666;2067;2,70%;20273;32398;41,60%;3533;1251;1,60%;1596;1563;2,00%
208;Stage 2;SN3;702;4;Whole Building;Industrial;New Build (Brownfield);1;No;None;Mass Pads/Strips;Ground Bearing RC;Steel Frame/Other;Precast/GRC;154200;223070;262536;220784;219,7;317,8;374;314,5;28000;12,60%;564000;75583;33,90%;0;0;0,00%;7856;16728;7,50%;0;0;0,00%;20275;32402;14,50%;126611;62938;28,20%;6653;6516;2,90%
209;Stage 2;SN3;6725;21;Whole Building;Industrial;New Build (Brownfield);1;Yes;None;Mass Pads/Strips;Ground Bearing RC;Steel Frame/Other;Precast/GRC;1891735;2329869;2580854;2208864;281,3;346,4;383,8;328,5;147000;6,30%;7653600;1026049;44,00%;0;0;0,00%;66646;141912;6,10%;58661;182096;7,80%;311515;497837;21,40%;612521;304484;13,10%;20000;19590;0,80%
210;Stage 3;UB3;1456;5,2;Whole Building;Cultural/Public;New Build (Brownfield);3;No;None;Mass Pads/Strips;Ground Bearing RC;Steel Frame/Precast;Precast/GRC;360655;433668;453071;401690;247,7;297,8;311,2;275,9;36400;8,40%;919740;206116;47,50%;0;0;0,00%;20529;43712;10,10%;0;0;0,00%;92259;147440;34,00%;0;0;0,00%;0;0;0,00%
211;Stage 2;SS12;35921;68,1;Whole Building;Mixed Use;New Build (Brownfield);16;No;None;Piles (Pile Caps);Suspended RC;Concrete (In-Situ);Masonry/SFS;11161692;12534356;13029375;11087837;310,7;348,9;362,7;308,7;476700;3,80%;41273403;6367840;50,80%;0;0;0,00%;2169322;4619209;36,90%;0;0;0,00%;669919;1070607;8,50%;0;0;0,00%;0;0;0,00%
212;Stage 2;SS12;19310;44,5;Whole Building;Residential (Multi);New Build (Brownfield);12;No;None;Piles (Pile Caps);Suspended RC;Concrete (In-Situ);Masonry/SFS;7110722;8057883;8464197;7168575;368,2;417,3;438,3;371,2;311500;3,90%;32695063;4254218;52,80%;0;0;0,00%;1640028;3492165;43,30%;0;0;0,00%;0;0;0,00%;0;0;0,00%;0;0;0,00%
213;Stage 5;NW6;520;1,6;Whole Building;Residential (Single);Full Refurb;4;No;Full Footprint;Reinforced Pads/Strips;Ground Bearing RC;Concrete (Precast);Masonry Only;155184;179077;186410;151549;298,4;344,4;358,5;291,4;11200;6,30%;441899;62083;34,70%;0;0;0,00%;31400;66861;37,30%;2341;7267;4,10%;18280;29214;16,30%;1990;989;0,60%;1493;1462;0,80%
214;Stage 2;B4;12023;45;Whole Building;Educational;New Build (Brownfield);5;No;Partial Footprint;Piles (Pile Caps);Suspended RC;Other;Lightweight Only;4929411;5638064;5972558;4810337;410;468,9;496,8;400,1;315000;5,60%;19230480;1472831;26,10%;0;0;0,00%;815950;1737430;30,80%;103278;320596;5,70%;1121451;1792207;31,80%;0;0;0,00%;0;0;0,00%
215;Stage 3;TW3;3920;10;Whole Building;Mixed Use;New Build (Brownfield);9;No;None;Piles (Pile Caps);Suspended RC;Concrete (In-Situ);Masonry/SFS;1065336;1228750;1289985;1095675;271,8;313,5;329,1;279,5;70000;5,70%;4690950;628153;51,10%;0;0;0,00%;241629;514509;41,90%;0;0;0,00%;10067;16088;1,30%;0;0;0,00%;0;0;0,00%
216;Stage 5;OX11;2850;6,7;Whole Building;Science/Lab;Full Refurb;4;No;None;Mass Pads/Strips;Ground Bearing RC;Steel Frame/Composite;Masonry/SFS;446844;521519;542979;438866;156,8;183;190,5;154;46900;9,00%;743025;87981;16,90%;0;0;0,00%;21560;45908;8,80%;22000;68292;13,10%;170250;272079;52,20%;720;358;0,10%;0;0;0,00%
217;Stage 3;LS23;394;1,5;Whole Building;Other;Mixed New Build/Refurb;8;No;None;Reinforced Pads/Strips;Ground Bearing RC;Timber Frame (Glulam/CLT);Glazed/Curtain Wall;58843;76966;83966;73174;149,3;195,3;213,1;185,7;10500;13,60%;236330;30920;40,20%;0;0;0,00%;5062;10779;14,00%;0;0;0,00%;6249;9987;13,00%;0;0;0,00%;21709;14781;19,20%
218;Stage 3;LS23;3710;13;Whole Building;Industrial;New Build (Brownfield);1;Yes;None;Reinforced Pads/Strips;Ground Bearing RC;Steel Frame/Other;Lightweight Only;1825845;2016460;2073196;1663081;492,1;543,5;558,8;448,3;91000;4,50%;2854560;364276;18,10%;0;0;0,00%;231384;492693;24,40%;0;0;0,00%;668595;1068492;53,00%;0;0;0,00%;0;0;0,00%
219;Stage 3;LS23;1501;4;Whole Building;Industrial;New Build (Brownfield);1;Yes;None;Mass Pads/Strips;Ground Bearing RC;Timber Frame (Glulam/CLT);Lightweight Only;409327;535383;574913;448798;272,7;356,7;383;299;28000;5,20%;1435200;150830;28,20%;0;0;0,00%;33963;72319;13,50%;0;0;0,00%;0;0;0,00%;0;0;0,00%;461783;284234;53,10%
220;Stage 4;W1;6807;25;Whole Building;Commercial;Mixed New Build/Refurb;9;No;Full Footprint;Reinforced Pads/Strips;Ground Bearing RC;Steel Frame/Composite;Glazed/Curtain Wall;869952;1102925;1149232;952978;127,8;162;168,8;140;175000;15,90%;1769016;236884;21,50%;0;0;0,00%;73709;156951;14,20%;36988;114818;10,40%;262354;419272;38,00%;0;0;0,00%;0;0;0,00%
221;Stage 4;GU35;950;2;Whole Building;Residential (Single);New Build (Greenfield);1;No;None;Mass Pads/Strips;Ground Bearing RC;Timber Frame (Softwood);Stone;166857;213749;260229;216728;175,6;225;273,9;228,1;14000;6,50%;791582;89524;41,90%;0;0;0,00%;8558;18223;8,50%;0;0;0,00%;9501;15184;7,10%;117421;43173;20,20%;38436;33644;15,70%
222;Stage 5;CB1;420;3,4;Whole Building;Residential (Single);Full Refurb;3;No;None;Reinforced Pads/Strips;Ground Bearing RC;Steel Frame/Composite;Masonry Only;98653;129382;134581;116655;234,9;308,1;320,4;277,7;23800;18,40%;294723;37335;28,90%;0;0;0,00%;4787;10193;7,90%;2635;8180;6,30%;30770;49174;38,00%;480;239;0,20%;472;462;0,40%
223;Stage 4;OX29;286;4;Whole Building;Cultural/Public;New Build (Greenfield);4;No;Full Footprint;Raft;Raft;Steel Frame/Timber;Timber/SFS;102863;141849;148403;123333;359,7;496;518,9;431,2;28000;19,70%;354922;46341;32,70%;0;0;0,00%;20294;43213;30,50%;4416;13708;9,70%;2846;4548;3,20%;4888;2430;1,70%;5536;3609;2,50%
224;Stage 3;YO26;3655;18,5;Whole Building;Cultural/Public;New Build (Brownfield);2;No;None;Piled Ground Beams;Suspended RC;Timber Frame (Glulam/CLT);Masonry/Timber;806600;1033958;1113928;965157;220,7;282,9;304,8;264,1;129500;12,50%;3451300;430762;41,70%;0;0;0,00%;106199;226133;21,90%;3364;10443;1,00%;89079;142358;13,80%;83719;41617;4,00%;56497;53145;5,10%
225;Stage 5;LE67;2938;4,5;Whole Building;Industrial;New Build (Brownfield);1;No;None;Mass Pads/Strips;Ground Bearing RC;Steel Frame/Other;Lightweight Only;579629;657235;696477;597240;197,3;223,7;237,1;203,3;31500;4,80%;2462472;285571;43,50%;0;0;0,00%;63444;135093;20,60%;8320;25827;3,90%;112160;179245;27,30%;0;0;0,00%;0;0;0,00%
226;Stage 5;LE11;2007;7;Whole Building;Educational;New Build (Brownfield);4;No;None;Piles (Pile Caps);Ground Bearing RC;Concrete (In-Situ);Masonry Only;573338;673908;708387;613678;285,7;335,8;353;305,8;49000;7,30%;2759376;369633;54,80%;0;0;0,00%;119885;255275;37,90%;0;0;0,00%;0;0;0,00%;0;0;0,00%;0;0;0,00%
227;Stage 5;RG9;92;0,2;Whole Building;Residential (Single);New Build (Greenfield);1;No;None;Reinforced Pads/Strips;Ground Bearing RC;Timber Frame (Glulam/CLT);Timber Only;13709;20634;26357;21891;149;224,3;286,5;237,9;1400;6,80%;70512;8826;42,80%;0;0;0,00%;275;586;2,80%;0;0;0,00%;0;0;0,00%;19761;9823;47,60%;0;0;0,00%
228;Stage 4;SW15;890;2,2;Whole Building;Mixed Use;Mixed New Build/Refurb;4;No;Partial Footprint;Reinforced Pads/Strips;Other;Steel Frame/Timber;Masonry Only;59037;78331;84441;72526;66,3;88;94,9;81,5;15400;19,70%;101487;13651;17,40%;0;0;0,00%;542;1153;1,50%;679;2108;2,70%;26537;42409;54,10%;5658;2004;2,60%;1639;1606;2,00%
229;Stage 3;OX25;463;2;Whole Building;Cultural/Public;Full Refurb;1;No;None;Mass Pads/Strips;Ground Bearing RC;Masonry/Timber;Stone;11962;31450;36071;33899;25,8;67,9;77,9;73,2;14000;44,50%;16240;1244;4,00%;0;0;0,00%;0;0;0,00%;0;0;0,00%;1769;2827;9,00%;4163;2085;6,60%;3139;3075;9,80%
230;As-Built;DA8;2330;6,5;Whole Building;Industrial;New Build (Brownfield);1;No;None;Piles (Pile Caps);Suspended RC;Steel Frame/Other;Lightweight Only;803994;913283;961515;836646;345,1;392;412,7;359,1;45500;5,00%;3585916;439414;48,10%;0;0;0,00%;100103;213153;23,30%;0;0;0,00%;134669;215216;23,60%;0;0;0,00%;0;0;0,00%
231;Stage 3;W6;664;6;Whole Building;Educational;Full Refurb;3;No;None;Reinforced Pads/Strips;Ground Bearing RC;Timber Frame (Glulam/CLT);Lightweight Only;96634;154036;163576;140785;145,5;232;246,3;212;42000;27,30%;442037;45937;29,80%;0;0;0,00%;13398;28529;18,50%;0;0;0,00%;4184;6687;4,30%;0;0;0,00%;50156;30884;20,00%
232;Stage 3;NW6;3739;5,6;Structure Only;Commercial;New Build (Brownfield);5;No;None;Piles (Pile Caps);Suspended RC;Concrete (In-Situ);Masonry/SFS;1155123;1335601;1400473;1188317;308,9;357,2;374,6;317,8;78400;5,90%;5118194;685364;51,30%;0;0;0,00%;268552;571837;42,80%;0;0;0,00%;0;0;0,00%;0;0;0,00%;0;0;0,00%
233;Stage 3;NW6;6127;9,2;Structure Only;Residential (Multi);New Build (Brownfield);5;No;None;Piles (Pile Caps);Suspended RC;Concrete (In-Situ);Masonry/SFS;1688219;1968148;2069012;1781505;275,5;321,2;337,7;290,8;128800;6,50%;7948800;1064403;54,10%;0;0;0,00%;363925;774917;39,40%;0;0;0,00%;17;27;0,00%;0;0;0,00%;0;0;0,00%
234;Stage 2;OX11;370;3,8;Whole Building;Science/Lab;New Build (Greenfield);2;No;None;Reinforced Pads/Strips;Ground Bearing RC;Other;Other;182832;222693;230625;196935;494,1;601,9;623,3;532,3;26600;11,90%;607500;82280;36,90%;0;0;0,00%;28120;59877;26,90%;0;0;0,00%;33750;53936;24,20%;0;0;0,00%;0;0;0,00%
235;Stage 4;NW4;1500;3,8;Whole Building;Residential (Multi);New Build (Brownfield);5;No;None;Piles (Pile Caps);Suspended RC;Concrete (In-Situ);Masonry/SFS;440980;506585;531667;451087;294;337,7;354,4;300,7;26600;5,30%;1962500;262793;51,90%;0;0;0,00%;102000;217192;42,90%;0;0;0,00%;0;0;0,00%;0;0;0,00%;0;0;0,00%
236;Stage 3;NW4;2202;5;Whole Building;Residential (Multi);New Build (Brownfield);7;No;None;Piles (Pile Caps);Suspended RC;Concrete (In-Situ);Masonry/SFS;707826;803003;837613;682664;321,4;364,7;380,4;310;35000;4,40%;2583493;350360;43,60%;0;0;0,00%;196138;417643;52,00%;0;0;0,00%;0;0;0,00%;0;0;0,00%;0;0;0,00%
237;Stage 4;OX17;140;1;Whole Building;Commercial;Full Refurb;1;No;None;Other;Other;Other;Other;4209;11827;12859;11609;30,1;84,5;91,8;82,9;7000;59,20%;0;0;0,00%;0;0;0,00%;0;0;0,00%;0;0;0,00%;2325;3716;31,40%;1943;966;8,20%;195;145;1,20%
238;As-Built;OX11;240;1;Whole Building;Science/Lab;New Build (Greenfield);1;No;None;Mass Pads/Strips;Ground Bearing RC;Steel Frame/Other;Lightweight/SFS;79698;93060;97311;81184;332,1;387,7;405,5;338,3;7000;7,50%;283650;33500;36,00%;0;0;0,00%;8900;18951;20,40%;2950;9157;9,80%;15300;24451;26,30%;0;0;0,00%;0;0;0,00%
239;Stage 4;SW3;711;3;Whole Building;Residential (Single);Full Refurb;3;No;Partial Footprint;Other;Suspended RC;Other;Other;61898;88689;95730;85747;87,1;124,7;134,6;120,6;21000;23,70%;266471;34907;39,40%;0;0;0,00%;6298;13410;15,10%;0;0;0,00%;9621;15375;17,30%;6261;2218;2,50%;1816;1779;2,00%
240;Stage 2;SE1;4663;13;Whole Building;Commercial;New Build (Brownfield);17;No;Full Footprint;Raft;Suspended RC;Concrete (In-Situ);Masonry/SFS;1299618;1497344;1553086;1260457;278,7;321,1;333,1;270,3;91000;6,10%;4108366;617606;41,20%;0;0;0,00%;370416;788739;52,70%;0;0;0,00%;0;0;0,00%;0;0;0,00%;0;0;0,00%
241;Stage 2;NW6;31089;88;Whole Building;Residential (Multi);New Build (Brownfield);18;No;None;Piles (Pile Caps);Suspended RC;Concrete (In-Situ);Masonry/SFS;7718736;9019130;9477851;8086769;248,3;290,1;304,9;260,1;616000;6,80%;34752877;4653667;51,60%;0;0;0,00%;1760863;3749464;41,60%;0;0;0,00%;0;0;0,00%;0;0;0,00%;0;0;0,00%
242;Stage 2;TW13;460;1,6;Whole Building;Residential (Multi);New Build (Brownfield);6;No;None;Piles (Pile Caps);Ground Bearing RC;Concrete (In-Situ);Masonry Only;200530;230253;241893;203240;435,9;500,5;525,9;441,8;11200;4,90%;922462;114016;49,50%;0;0;0,00%;38569;82127;35,70%;5017;15574;6,80%;4590;7336;3,20%;0;0;0,00%;0;0;0,00%
243;Stage 3;OX11;1600;3,5;Whole Building;Science/Lab;New Build (Brownfield);2;No;None;Raft;Raft;Steel Frame/Composite;Lightweight/SFS;452823;510053;531104;427891;283;318,8;331,9;267,4;24500;4,80%;1198000;144773;28,40%;0;0;0,00%;70000;149053;29,20%;10700;33215;6,50%;99000;158213;31,00%;600;298;0,10%;0;0;0,00%
244;Stage 2;W2;12100;62;Whole Building;Commercial;New Build (Brownfield);7;No;Extended Footprint;Piles (Pile Caps);Suspended RC;Steel Frame/Timber;Glazed/Curtain Wall;2739485;3474926;3623215;3039437;226,4;287,2;299,4;251,2;434000;12,50%;8554565;1150436;33,10%;0;0;0,00%;342000;728232;21,00%;4000;12417;0,40%;440900;704609;20,30%;0;0;0,00%;736800;445234;12,80%
245;Stage 2;SE17;27395;61,2;Whole Building;Residential (Multi);New Build (Brownfield);25;No;Partial Footprint;Piles (Pile Caps);Suspended RC;Concrete (In-Situ);Masonry Only;8013066;9130486;9548057;7854383;292,5;333,3;348,5;286,7;428400;4,70%;30894691;4137027;45,30%;0;0;0,00%;2143892;4565059;50,00%;0;0;0,00%;0;0;0,00%;0;0;0,00%;0;0;0,00%
246;Stage 2;SE17;5200;9,8;Whole Building;Residential (Multi);New Build (Brownfield);6;No;Partial Footprint;Piles (Pile Caps);Suspended RC;Concrete (In-Situ);Masonry Only;1366692;1555026;1632381;1369274;262,8;299;313,9;263,3;68600;4,40%;5804455;777259;50,00%;0;0;0,00%;333046;709167;45,60%;0;0;0,00%;0;0;0,00%;0;0;0,00%;0;0;0,00%
247;Stage 2;SE17;13808;29,6;Whole Building;Residential (Multi);New Build (Brownfield);6;No;Partial Footprint;Piles (Pile Caps);Suspended RC;Concrete (In-Situ);Masonry Only;4269423;4840320;5053431;4111302;309,2;350,5;366;297,7;207200;4,30%;15635767;2093745;43,30%;0;0;0,00%;1192569;2539376;52,50%;0;0;0,00%;0;0;0,00%;0;0;0,00%;0;0;0,00%
248;Stage 2;SE17;21828;48,2;Whole Building;Residential (Multi);New Build (Brownfield);9;No;Partial Footprint;Piles (Pile Caps);Suspended RC;Concrete (In-Situ);Masonry Only;6343410;7226176;7557049;6215271;290,6;331,1;346,2;284,7;337400;4,70%;24436327;3272205;45,30%;0;0;0,00%;1698453;3616571;50,00%;0;0;0,00%;0;0;0,00%;0;0;0,00%;0;0;0,00%
249;Stage 2;SE17;21828;48,2;Whole Building;Residential (Multi);New Build (Brownfield);11;No;Partial Footprint;Piles (Pile Caps);Suspended RC;Concrete (In-Situ);Masonry Only;1715475;2201849;2348389;2002830;78,6;100,9;107,6;91,8;337400;15,30%;6967839;933045;42,40%;0;0;0,00%;437416;931403;42,30%;0;0;0,00%;0;0;0,00%;0;0;0,00%;0;0;0,00%
250;Stage 2;SE17;5221;13,3;Whole Building;Residential (Multi);New Build (Brownfield);11;No;Partial Footprint;Piles (Pile Caps);Suspended RC;Concrete (In-Situ);Masonry Only;1462990;1684170;1765623;1482921;280,2;322,6;338,2;284;93100;5,50%;6191482;829085;49,20%;0;0;0,00%;357852;761985;45,20%;0;0;0,00%;0;0;0,00%;0;0;0,00%;0;0;0,00%
251;Stage 2;SE17;6600;8;Structure Only;Residential (Multi);New Build (Brownfield);6;No;None;Piles (Pile Caps);Suspended RC;Concrete (In-Situ);Lightweight/SFS;1399301;1636742;1725863;1489601;212;248;261,5;225,7;112000;6,80%;6630946;887933;54,20%;0;0;0,00%;299065;636810;38,90%;0;0;0,00%;0;0;0,00%;0;0;0,00%;0;0;0,00%
252;Stage 2;SE17;27262;15;Structure Only;Residential (Multi);New Build (Brownfield);20;No;None;Piles (Pile Caps);Suspended RC;Concrete (In-Situ);Lightweight/SFS;7429859;8305875;8752543;7497620;272,5;304,7;321,1;275;210000;2,50%;35199024;4713409;56,70%;0;0;0,00%;1588510;3382466;40,70%;0;0;0,00%;0;0;0,00%;0;0;0,00%;0;0;0,00%
253;Stage 5;TS23;1577;4;Whole Building;Industrial;New Build (Brownfield);3;No;None;Piles (Pile Caps);Ground Bearing RC;Steel Frame/Composite;Lightweight Only;332950;385296;405094;366045;211,1;244,3;256,9;232,1;28000;7,30%;1411296;194070;50,40%;0;0;0,00%;5341;11373;3,00%;3823;11867;3,10%;87595;139987;36,30%;0;0;0,00%;0;0;0,00%
254;Stage 3;BN1;1297;3,75;Whole Building;Mixed Use;Mixed New Build/Refurb;4;No;None;Mass Pads/Strips;Ground Bearing RC;Steel Frame/Timber;Masonry Only;247925;285337;294878;243023;191,2;220;227,4;187,4;26250;9,20%;260293;34871;12,20%;0;0;0,00%;12000;25552;9,00%;0;0;0,00%;124000;198166;69,40%;1000;497;0,20%;0;0;0,00%
255;Stage 5;SW18;21;0,035;Structure Only;Residential (Single);Mixed New Build/Refurb;1;No;Full Footprint;Corbels;Timber;Other;Masonry Only;2387;3124;3381;3250;113,7;148,7;161;154,8;490;15,70%;18418;2280;73,00%;0;0;0,00%;166;353;11,30%;0;0;0,00%;0;0;0,00%;0;0;0,00%;0;0;0,00%
256;Stage 3;N1;51;0,1;Whole Building;Residential (Single);Mixed New Build/Refurb;1;No;None;Other;Other;Steel Frame/Timber;Lightweight Only;3156;4281;4849;3965;61,9;83,9;95,1;77,8;700;16,40%;100;14;0,30%;0;0;0,00%;0;0;0,00%;0;0;0,00%;1478;2363;55,20%;847;300;7,00%;923;904;21,10%
257;Stage 5;NW6;37;0,1;Whole Building;Residential (Single);New Build (Greenfield);1;No;None;Reinforced Pads/Strips;Ground Bearing RC;Steel Frame/Timber;Glazed/Curtain Wall;5789;6961;7422;6530;156,5;188,1;200,6;176,5;700;10,10%;22937;2808;40,30%;0;0;0,00%;374;796;11,40%;0;0;0,00%;1573;2514;36,10%;287;143;2,00%;0;0;0,00%
258;Stage 2;W6;9453;20;Whole Building;Residential (Multi);New Build (Brownfield);9;No;Full Footprint;Piles (Pile Caps);Suspended RC;Concrete (In-Situ);Masonry/SFS;3190782;3611823;3780282;3266506;337,5;382,1;399,9;345,6;140000;3,90%;14550936;2087011;57,80%;0;0;0,00%;650350;1384812;38,30%;0;0;0,00%;0;0;0,00%;0;0;0,00%;0;0;0,00%
259;Stage 3;NW3;212;0,4;Whole Building;Residential (Single);Mixed New Build/Refurb;3;No;None;Mass Pads/Strips;Ground Bearing RC;Steel Frame/Timber;Masonry Only;9784;13553;15019;13264;46,2;63,9;70,8;62,6;2800;20,70%;37422;3840;28,30%;0;0;0,00%;636;1354;10,00%;0;0;0,00%;2923;4671;34,50%;596;296;2,20%;604;592;4,40%
260;Stage 3;OX4;75;1,1;Whole Building;Educational;Mixed New Build/Refurb;2;No;None;Piled Ground Beams;Suspended RC;Steel Frame/Timber;Timber Only;34199;50305;58315;46726;456;670,7;777,5;623;7700;15,30%;54493;7297;14,50%;0;0;0,00%;2535;5398;10,70%;0;0;0,00%;9540;15246;30,30%;29500;14664;29,20%;0;0;0,00%
261;Stage 3;TW8;21000;85;Whole Building;Residential (Multi);New Build (Brownfield);7;Yes;None;Piles (Pile Caps);Suspended RC;Concrete (In-Situ);Masonry/SFS;5802412;6916482;7287204;6317423;276,3;329,4;347;300,8;595000;8,60%;28256075;3588179;51,90%;0;0;0,00%;1147336;2443061;35,30%;0;0;0,00%;174474;278830;4,00%;0;0;0,00%;18900;11411;0,20%
262;Stage 3;TW8;240;1;Whole Building;Mixed Use;New Build (Brownfield);1;Yes;None;Piled Ground Beams;Suspended RC;Steel Frame/Timber;Other;199716;227523;242805;217304;832,1;948;1011,7;905,4;7000;3,10%;1257960;141573;62,20%;0;0;0,00%;22106;47071;20,70%;0;0;0,00%;14469;23124;10,20%;0;0;0,00%;14501;8755;3,80%
263;Stage 4;DE24;1000;1,6;Whole Building;Industrial;New Build (Brownfield);3;No;None;Mass Pads/Strips;Ground Bearing RC;Steel Frame/Other;Lightweight Only;209727;238681;252962;226803;209,7;238,7;253;226,8;11200;4,70%;961363;128734;53,90%;0;0;0,00%;1552;3305;1,40%;6307;19578;8,20%;46141;73739;30,90%;4274;2125;0,90%;0;0;0,00%
264;Stage 3;CB2;750;4,5;Whole Building;Educational;New Build (Brownfield);3;No;None;Reinforced Pads/Strips;Ground Bearing RC;Timber Frame (Glulam/CLT);Timber/SFS;92151;144058;154340;125723;122,9;192,1;205,8;167,6;31500;21,90%;259894;31098;21,60%;0;0;0,00%;10393;22130;15,40%;0;0;0,00%;268;428;0,30%;212;105;0,10%;94281;58796;40,80%
265;Stage 5;RG20;195;0,5;Whole Building;Commercial;Mixed New Build/Refurb;1;No;None;Reinforced Pads/Strips;Other;Steel Frame/Timber;Masonry Only;37018;43283;46172;41976;189,8;222;236,8;215,3;3500;8,10%;160965;21554;49,80%;0;0;0,00%;3;7;0,00%;0;0;0,00%;10900;17419;40,20%;2268;803;1,90%;0;0;0,00%
266;Stage 3;OX49;175;0,5;Whole Building;Residential (Single);New Build (Greenfield);2;No;None;Mass Pads/Strips;Ground Bearing RC;Steel Frame/Composite;Timber Only;60563;70649;77194;63355;346,1;403,7;441,1;362;3500;5,00%;231140;30951;43,80%;0;0;0,00%;8015;17067;24,20%;2420;7512;10,60%;3630;5801;8,20%;14319;5072;7,20%;0;0;0,00%
267;Stage 2;OX2;1416;13;Whole Building;Educational;New Build (Brownfield);6;Yes;Full Footprint;Piles (Pile Caps);Ground Bearing RC;Timber Frame (Glulam/CLT);Masonry Only;232317;371450;386369;312176;164,1;262,3;272,9;220,5;91000;24,50%;559371;71553;19,30%;0;0;0,00%;28896;61529;16,60%;1000;4729;1,30%;5796;9263;2,50%;0;0;0,00%;220902;133376;35,90%
268;Stage 3;PE21;3037;17,5;Whole Building;Healthcare;New Build (Brownfield);2;No;None;Piles (Pile Caps);Ground Bearing RC;Concrete (Precast);Masonry/SFS;799374;985558;1027869;878153;263,2;324,5;338,4;289,2;122500;12,40%;2993766;400789;40,70%;0;0;0,00%;143307;305148;31,00%;4663;14475;1,50%;89259;142646;14,50%;0;0;0,00%;0;0;0,00%
269;Stage 3;CV11;272;3,2;Whole Building;Cultural/Public;New Build (Brownfield);1;No;None;Piled Ground Beams;Suspended RC;Other;Other;154521;190597;199719;176658;568,1;700,7;734,3;649,5;22400;11,80%;785280;100533;52,70%;0;0;0,00%;25650;54617;28,70%;33;102;0,10%;8100;12945;6,80%;0;0;0,00%;0;0;0,00%
270;Stage 3;GU22;328;2,5;Whole Building;Educational;Mixed New Build/Refurb;3;No;None;Mass Pads/Strips;Suspended Precast;Timber Frame (Glulam/CLT);Masonry/SFS;56111;87974;95808;90219;171,1;268,2;292,1;275,1;17500;19,90%;269736;39311;44,70%;0;0;0,00%;564;1201;1,40%;0;0;0,00%;886;1415;1,60%;0;0;0,00%;40373;28547;32,40%
271;Stage 2;HP1;3039;7,6;Whole Building;Educational;New Build (Greenfield);3;No;None;Mass Pads/Strips;Ground Bearing RC;Timber Frame (Glulam/CLT);Masonry Only;368464;512823;556718;455951;121,2;168,7;183,2;150;53200;10,40%;1434410;168039;32,80%;0;0;0,00%;6499;13838;2,70%;0;0;0,00%;6150;9829;1,90%;3969;1973;0,40%;431110;265944;51,90%
272;Stage 2;KT13;23;0,3;Whole Building;Residential (Single);New Build (Greenfield);1;No;None;Other;Suspended RC;Steel Frame/Timber;Timber/SFS;5055;7604;7939;6886;219,8;330,6;345,2;299,4;2100;27,60%;12420;1663;21,90%;0;0;0,00%;621;1322;17,40%;0;0;0,00%;1322;2113;27,80%;225;112;1,50%;300;294;3,90%
273;Stage 2;SE15;2994;7,5;Whole Building;Residential (Multi);New Build (Greenfield);7;No;None;Piles (Pile Caps);Ground Bearing RC;Concrete (In-Situ);Masonry Only;637460;745603;783426;660004;212,9;249;261,7;220,4;52500;7,00%;2682995;359273;48,20%;0;0;0,00%;155495;331101;44,40%;0;0;0,00%;1708;2730;0,40%;0;0;0,00%;0;0;0,00%
274;Stage 2;SE15;3146;8;Whole Building;Residential (Multi);New Build (Greenfield);6;No;None;Piles (Pile Caps);Suspended RC;Concrete (In-Situ);Masonry/Stone;786221;910766;955134;799874;249,9;289,5;303,6;254,3;56000;6,10%;3258101;436284;47,90%;0;0;0,00%;196532;418482;45,90%;0;0;0,00%;0;0;0,00%;0;0;0,00%;0;0;0,00%
275;Stage 2;SE15;4940;8;Whole Building;Residential (Multi);New Build (Greenfield);5;No;None;Piles (Pile Caps);Ground Bearing RC;Concrete (In-Situ);Masonry/Stone;1731479;1938806;2030487;1692893;350,5;392,5;411;342,7;56000;2,90%;7265239;972869;50,20%;0;0;0,00%;427334;909936;46,90%;0;0;0,00%;0;0;0,00%;0;0;0,00%;0;0;0
